id,domain,status,purchase_price,renewal_price,attractiveness,demand,length,registrar,created_at,expires_at,status_verified_at
3122309a-1d6c-4d0c-958e-9026d82b34f4,palace.moi,available,27,25.99,high,low,6,unstoppable,,,29/09/2026 07:39
a133d491-5a1e-4d68-8325-fbb944572777,buyer.moi,available,25.99,25.99,high,low,5,namesilo,,,29/09/2026 05:39
79a4839e-5401-4d93-afd4-b4ff447d88a5,stertorous.moi,available,,,low,low,10,,,,10/09/2026 20:21
6c996a52-b802-49aa-adf9-8a7e8d76c8a4,barberry.moi,available,25.99,25.99,medium,low,8,namesilo,,,22/09/2026 04:51
41b8e691-988a-49ab-8dd7-229d56c34dfc,illegitimate.moi,available,27,,medium,low,12,unstoppable,,,30/09/2026 03:36
a2c452ff-633f-4e0d-b4b1-8e8c6255bd15,helping.moi,available,25.99,25.99,high,low,7,namesilo,,,29/09/2026 22:38
afaa21e0-da38-4770-91f4-35993b8114c2,peccable.moi,available,25.99,25.99,medium,low,8,namesilo,,,08/09/2026 11:30
7409434b-ac0b-4166-91c1-eb48b3d7c1f3,bindery.moi,available,25.99,25.99,medium,low,7,namesilo,,,23/09/2026 17:11
ef734070-9070-4733-a00b-215bff7219a0,rollins.moi,available,25.99,25.99,high,low,7,namesilo,,,27/09/2026 08:03
7f0b7e5a-2a46-4352-9b80-45313ee952d9,chamberlin.moi,available,25.99,25.99,high,low,10,namesilo,,,29/09/2026 21:39
f68d35d2-cbb2-45f1-9e28-71c2ab04fbad,fungoid.moi,available,25.99,25.99,medium,low,7,namesilo,,,18/08/2026 18:37
86524b24-48e2-416d-bb86-46dd0b80a8d0,bassoon.moi,available,39.99,39.99,medium,low,7,name.com,,,22/09/2026 12:33
6658b85a-0cb3-42ce-a6ed-366c4e33e1a5,adviser.moi,available,17.5,21.11,high,low,7,porkbun,,,28/09/2026 19:03
457d26df-62b8-46f9-bb12-9bcbe7898317,lucent.moi,available,25.99,25.99,high,low,6,namesilo,,,
30ae62ad-db12-4b9d-b4f0-1fc5a62b8248,fad.moi,available,,,high,low,3,,,,24/09/2026 19:13
c19aee55-7e4e-49bf-bf4b-40e94c67b7b1,clouded.moi,available,25.99,25.99,medium,low,7,namesilo,,,12/08/2026 12:27
cf7fc6d2-eeea-42e9-be67-58e2920773b7,tuna.moi,available,25.99,25.99,high,low,4,namesilo,,,19/09/2026 07:27
4c10db41-fa8f-4610-b9ec-6d3bd08b312d,sided.moi,available,25.99,25.99,low,low,5,namesilo,,,02/10/2026 01:56
5488620a-123e-4c79-9642-68a1eafcd897,compete.moi,available,25.99,25.99,high,low,7,namesilo,,,30/09/2026 17:34
5b65a801-030e-452d-a6ec-ee8e2c0ca6a2,immigrant.moi,available,17.5,21.11,high,low,9,porkbun,,,29/09/2026 13:05
f17da674-7a7b-4114-9afe-98f8ba89d79e,hives.moi,available,27,,high,low,5,unstoppable,,,01/10/2026 02:36
576b9fc6-6f4d-4072-b5e3-c645d959267e,sweetener.moi,available,25.99,25.99,high,low,9,namesilo,,,21/09/2026 19:45
25758426-f3ca-4c1a-8997-c3b29e23d259,swazi.moi,available,25.99,25.99,high,low,5,namesilo,,,11/09/2026 05:27
e3e06ae4-ccac-40d1-8216-a061362490f1,loamy.moi,available,25.99,25.99,medium,low,5,namesilo,,,24/08/2026 08:15
9330361b-b601-4786-a170-f4eca419eb2a,acme.moi,available,25.99,25.99,high,medium,4,namesilo,,,24/08/2026 20:47
79761c8e-5331-42cc-8fe0-8f2797ab8e47,arsenic.moi,available,,,medium,low,7,,,,13/09/2026 21:07
655cee2b-6c8d-4007-9c4a-9a3cba2ace24,dispense.moi,available,25.99,25.99,high,low,8,namesilo,,,01/10/2026 04:11
9e2fa7e8-604e-4695-ad71-79b797c70689,birdcage.moi,available,,,high,low,8,,,,23/09/2026 20:32
7b93779c-7a7b-42be-adf4-70dcb9d1aaad,earthbound.moi,available,25.99,25.99,high,low,10,namesilo,,,14/08/2026 22:37
6997121c-3f5d-4f98-a698-7454d3ffe18b,upended.moi,available,25.99,25.99,medium,low,7,namesilo,,,12/09/2026 23:06
eaea1127-9325-468a-bdb9-895eec6df99f,mie.moi,available,17.5,21.11,high,low,3,porkbun,,,30/09/2026 13:22
b306d965-76db-4a64-a4e0-0eada67abe50,beefburger.moi,available,25.99,25.99,medium,low,10,namesilo,,,23/09/2026 01:04
47ad9191-55f5-4870-aa52-8cd0afc6d6b6,refuge.moi,available,,,high,low,6,,,,20/09/2026 18:32
636c5841-f929-483e-9c7c-c1ce0dc59fee,nail.moi,available,25.99,25.99,high,low,4,namesilo,,,21/09/2026 16:04
6bf79f41-d462-4067-8deb-3e2c1d270485,ymca.moi,available,21.11,21.11,high,low,4,porkbun,,,01/10/2026 22:15
5fcb2bee-9a61-48df-be66-0f9f2fd748cb,ferrous.moi,available,25.99,25.99,medium,low,7,namesilo,,,18/08/2026 02:09
f8b4ef09-ea56-4d9c-958b-4937355eb017,expectancy.moi,available,25.99,25.99,high,low,10,namesilo,,,19/09/2026 14:15
f567065a-7083-431f-b8e9-d71cee7da495,lancelot.moi,available,27,,high,low,8,unstoppable,,,30/09/2026 17:50
c001290c-3bcc-43fc-a31e-ab4509b6d45e,comparable.moi,available,25.99,25.99,high,low,10,namesilo,,,23/09/2026 16:34
923e63f2-7a07-4ca6-948d-7ecf01bb6870,antipode.moi,available,25.99,25.99,medium,low,8,namesilo,,,19/09/2026 14:58
4d6ad09f-cdd3-47af-b9e3-837a8beab8a0,crawl.moi,available,25.99,25.99,high,low,5,namesilo,,,21/09/2026 04:48
864a099d-eb26-4da6-b5fa-cc0fd068127e,epizoon.moi,available,25.99,25.99,medium,low,7,namesilo,,,15/08/2026 00:52
59919e0b-87c1-443c-b57c-a5f99c309646,mismatched.moi,available,25.99,25.99,medium,low,10,namesilo,,,25/08/2026 01:36
3b462b61-87f4-4c0f-8a12-9a78035f70b6,beluga.moi,available,25.99,25.99,high,low,6,namesilo,,,17/09/2026 01:49
2bed0346-7395-4a37-95d6-42a6e5ad69fb,monarch.moi,available,25.99,25.99,high,medium,7,namesilo,,,10/09/2026 14:59
e11d15c8-e9bb-478e-b485-2862c5e43a94,colleagues.moi,available,25.99,25.99,high,low,10,namesilo,,,18/09/2026 23:15
ff06a081-68a6-4625-9a53-f88e4b381bc8,watched.moi,available,25.99,25.99,high,low,7,namesilo,,,18/09/2026 01:33
86a8b421-4e07-4854-aa2a-1a266fc0aed4,hedge.moi,available,25.99,25.99,high,low,5,namesilo,,,29/09/2026 22:33
5aa31ab6-f8a5-4559-a2df-dcb19b2cd544,polluted.moi,available,25.99,25.99,medium,low,8,namesilo,,,08/09/2026 23:08
0b9dc07c-df8d-45b6-a7c8-af766178a831,philadelphia.moi,available,25.99,25.99,high,low,12,namesilo,,,
bf87f4c7-0942-4b95-9e21-9a2d0b957f83,debauch.moi,available,25.99,25.99,medium,low,7,namesilo,,,13/08/2026 02:20
06ea29e1-1330-4a08-bfa1-a8f1afdd15d0,aperitif.moi,available,25.99,25.99,high,low,8,namesilo,,,19/09/2026 16:32
c2c925ce-feae-4d3d-a565-6ac925f94ec3,andrews.moi,available,25.99,25.99,high,low,7,namesilo,,,19/09/2026 04:49
8114ac35-fdf4-44f0-9894-9a1448ca7481,polly.moi,available,27,,high,low,5,unstoppable,,,28/09/2026 07:34
0891df18-5f00-4444-8671-239e0a6b7da0,crazily.moi,available,25.99,25.99,medium,low,7,namesilo,,,14/09/2026 09:15
a91a24c7-2a8b-46f4-a10f-af0ac7ebd48f,ideologic.moi,available,39.99,39.99,medium,low,9,name.com,,,21/08/2026 18:04
e13d3c82-4b9d-4cd8-b4af-57f1bd213963,hackensack.moi,available,27,,medium,low,10,unstoppable,,,30/09/2026 05:39
4684e0e8-5ce3-4838-b76e-45eb192c176f,immortal.moi,available,39.99,39.99,high,low,8,name.com,,,21/08/2026 21:12
d52fb561-1404-4b0c-90a3-70757992c119,differentiate.moi,available,25.99,25.99,high,low,13,namesilo,,,01/10/2026 05:28
e25ccc1c-252c-4f26-a3cb-55402095c259,disappointing.moi,available,25.99,25.99,medium,low,13,namesilo,,,28/09/2026 07:09
4d0e7385-4c6a-47b4-902f-aec665e63bbb,hodgson.moi,available,25.99,25.99,medium,low,7,namesilo,,,28/09/2026 04:09
c831650a-abc2-46af-80f1-7239f6f56662,survival.moi,available,25.99,25.99,high,low,8,namesilo,,,27/09/2026 14:56
4d89490d-5f0c-48a7-9020-3c5572db3f7a,guarding.moi,available,27,,medium,low,8,unstoppable,,,28/09/2026 12:47
ed35d794-39e4-4853-b23d-bf8ed50d653c,batting.moi,available,25.99,25.99,high,low,7,namesilo,,,22/09/2026 14:25
81d5b072-8c64-4f3b-af9f-97fe73909c5a,sauna.moi,available,17.5,21.11,high,low,5,porkbun,,,30/09/2026 10:38
fd9a43a7-5fe2-46d3-8b4f-e28de2e6128f,haptic.moi,available,25.99,25.99,medium,low,6,namesilo,,,21/08/2026 00:01
b3653b52-aced-42fa-b428-cdc9915c3f28,cancellation.moi,available,25.99,25.99,medium,low,12,namesilo,,,29/09/2026 10:21
3d539f94-6f13-4717-be7c-cb2c9445d3a3,adolescents.moi,available,27,,medium,low,11,unstoppable,,,02/10/2026 01:52
4241995f-1921-4205-9909-f90413fefdb2,yolanda.moi,available,27,,medium,low,7,unstoppable,,,30/09/2026 21:10
802a185c-d8bc-4b40-b9bd-c131105d46af,resounding.moi,available,25.99,25.99,high,low,10,namesilo,,,27/09/2026 12:35
cd6c770d-f88e-4841-95b6-ffe4266ddc1f,beanie.moi,available,,,high,low,6,,,,22/09/2026 20:31
4d9304f0-4dd3-4fba-a752-116d53720fc1,king.moi,available,25.99,25.99,high,medium,4,namesilo,,,28/09/2026 23:59
de023e30-5ef2-4654-93f9-f0d24671419a,prepupal.moi,available,25.99,25.99,high,medium,8,namesilo,,,09/09/2026 01:41
050d6757-0c0c-4b68-b65b-80d7c7e4af74,waterflow.moi,available,39.99,,high,low,9,name.com,,,
13f1225d-fddd-4d1b-9c22-968cd2352948,faustian.moi,available,25.99,25.99,medium,low,8,namesilo,,,18/08/2026 00:10
dfe0121c-7a98-4db1-a647-796f14cfa293,conde.moi,available,17.5,21.11,medium,low,5,porkbun,,,29/09/2026 09:06
dba142ab-f191-4f75-bf1a-0b1eb0b43bef,vitiate.moi,available,25.99,25.99,medium,low,7,namesilo,,,13/08/2026 02:22
55f062ce-1cbe-4772-b5b7-3f6fdfc3751f,choirs.moi,available,25.99,25.99,medium,low,6,namesilo,,,17/09/2026 06:51
e7040025-f267-4acc-b960-9fa90737b645,murmur.moi,available,25.99,25.99,high,low,6,namesilo,,,03/09/2026 11:16
17838c5b-63d5-47ac-8cb2-717abeff9292,rekt.moi,available,25.99,25.99,low,low,4,namesilo,,,
179b7609-3acb-4006-9148-de3c2eed048a,yang.moi,available,17.5,21.11,high,low,4,porkbun,,,30/09/2026 19:08
706f2eee-7aff-4dc8-983d-a425211081d6,bicycles.moi,available,25.99,25.99,medium,low,8,namesilo,,,18/09/2026 23:48
968f7442-ac8b-4858-86fa-c028e1e2d830,loopy.moi,available,25.99,25.99,medium,low,5,namesilo,,,06/08/2026 21:22
d404f9d7-46a4-4dae-8b68-570c1aa3f3a7,rav.moi,available,25.99,25.99,high,low,3,namesilo,,,30/09/2026 04:18
fad28b2b-c35a-4ea4-99a2-5ea028f8006e,included.moi,available,25.99,25.99,high,low,8,namesilo,,,22/08/2026 01:33
44790c76-6245-47d6-bc80-6aaa3d5ce8de,maladroit.moi,available,25.99,25.99,medium,low,9,namesilo,,,24/08/2026 13:35
fc26ea7b-a6b9-4048-97e6-0539da1c66cc,rectangle.moi,available,25.99,25.99,high,low,9,namesilo,,,30/09/2026 09:22
3167dced-1ae9-4843-bdbd-b04b4284814d,darkly.moi,available,25.99,25.99,medium,low,6,namesilo,,,14/09/2026 10:39
cfa12554-eedc-491d-bd2a-920a2ec1856e,akkadian.moi,available,25.99,25.99,high,low,8,namesilo,,,18/09/2026 00:10
64297a68-85da-44d3-b317-239307066a67,roar.moi,available,25.99,25.99,high,low,4,namesilo,,,27/09/2026 15:38
22843d05-300f-4ecf-8d11-9009448dfe4c,grindle.moi,available,,,medium,low,7,,,,18/09/2026 21:21
75f4ef69-21fa-4f67-85c0-a942bf33366b,bemidji.moi,available,25.99,25.99,medium,low,7,namesilo,,,23/09/2026 07:16
5e2d1645-9243-41ca-8b30-39f2d6b68ffe,hindsight.moi,available,25.99,25.99,high,low,9,namesilo,,,29/09/2026 22:47
c30ce2e2-3e3b-408a-a03d-7b062c471f9d,price.moi,premium,242,242,high,medium,5,namesilo,,,30/09/2026 02:50
c38ec14d-d6d3-4ad4-b88f-7f18ded768f8,rainproof.moi,available,25.99,25.99,high,medium,9,namesilo,,,09/09/2026 09:47
e4bb55f1-b593-4215-ad44-225e3ae4c3e3,arguments.moi,available,25.99,25.99,medium,low,9,namesilo,,,16/09/2026 05:03
ccf5ab6f-dcd1-4bd6-a23a-3b0328d04f54,hal.moi,available,25.99,25.99,high,low,3,namesilo,,,25/09/2026 12:39
650cfd53-eddc-4ce3-bcbc-3a0b905313e5,monegasque.moi,available,25.99,25.99,medium,low,10,namesilo,,,25/08/2026 04:03
1751253e-a4ce-4ebd-951e-080e1b5ea5bd,fanlike.moi,available,25.99,25.99,medium,low,7,namesilo,,,17/08/2026 22:07
64665f4c-4de3-4521-a16f-37cec54f9979,pentad.moi,available,25.99,25.99,medium,low,6,namesilo,,,
917e135f-605e-4f64-8f1e-04cc3ef80260,faecal.moi,available,25.99,25.99,medium,low,6,namesilo,,,17/08/2026 20:36
39b26d39-9687-4477-82df-8a8ff7458183,baboo.moi,available,25.99,25.99,high,low,5,namesilo,,,21/09/2026 12:51
0916cc5e-821f-4c81-a20c-6d050646310d,forwards.moi,available,25.99,25.99,high,low,8,namesilo,,,18/08/2026 12:49
6da5bb38-9278-42a6-8db5-08fe3702a3c9,hooligan.moi,available,25.99,25.99,medium,low,8,namesilo,,,11/08/2026 08:39
49fe315b-12d2-4ae9-bff7-f4dc517b3421,analogy.moi,available,27,25.99,high,low,7,unstoppable,,,28/09/2026 21:11
6471926c-e3db-4b7b-8e15-2744126c60eb,anode.moi,available,25.99,25.99,high,low,5,namesilo,,,19/09/2026 11:14
507d71e9-bea6-4005-b310-98b07a55806c,outta.moi,available,27,,medium,low,5,unstoppable,,,29/09/2026 20:53
8ca7b3be-5a1f-47e4-8fe4-5e3d774f00e9,snarled.moi,available,25.99,25.99,high,medium,7,namesilo,,,10/09/2026 12:19
0fb7d9b4-f0fb-40d5-9955-f58dfcdf3fd7,bases.moi,available,39.99,,medium,low,5,name.com,,,17/09/2026 21:42
760e6198-91c8-4819-9c1f-1ddeddf1ebe2,wilshire.moi,available,17.5,21.11,medium,low,8,porkbun,,,29/09/2026 22:35
128a92de-dd73-4cd8-a46f-9f87e742f096,surrender.moi,available,25.99,25.99,high,low,9,namesilo,,,28/09/2026 11:23
c9442ac2-0c3d-4afa-b93d-27125921e3bf,paternity.moi,available,25.99,25.99,high,low,9,namesilo,,,01/10/2026 02:01
1ec9fad0-b057-4a3e-ac96-288e252ad33d,gratitude.moi,available,27,,high,low,9,unstoppable,,,29/09/2026 21:31
6bf8cf77-2f77-42c7-8cf8-d3da5e0b8808,fonda.moi,available,25.99,25.99,medium,low,5,namesilo,,,29/09/2026 06:57
a29014fb-163b-41d1-a9dd-c8840ecf884b,sys.moi,available,25.99,25.99,high,low,3,namesilo,,,30/09/2026 14:33
40ab20ec-ab07-4359-82fd-ad7c5b3d3122,areal.moi,available,25.99,25.99,medium,low,5,namesilo,,,06/08/2026 17:21
5a8725a5-890e-45f4-a422-07b0b2e9acb8,barleycorn.moi,available,25.99,25.99,medium,low,10,namesilo,,,22/09/2026 06:31
bf600ce8-b7f6-4815-b2b1-7e3885cf04cf,burning.moi,available,25.99,25.99,high,low,7,namesilo,,,23/09/2026 11:45
9f026fd8-acd9-4f35-8657-05b0619700c1,mimic.moi,available,25.99,25.99,high,low,5,namesilo,,,24/08/2026 23:29
28d6bb6b-5d5e-42ad-a083-0d64e3cb55f7,asch.moi,available,25.99,25.99,high,low,4,namesilo,,,20/09/2026 13:15
16ef38dd-3725-49f2-9b29-8f50f13036d3,skag.moi,available,25.99,25.99,medium,low,4,namesilo,,,23/09/2026 14:39
721bd700-a1d6-4699-97db-abb2cd9a0073,boise.moi,available,17.5,21.11,high,low,5,porkbun,,,30/09/2026 16:28
86e69e3c-6709-40fe-b6bd-afb77517c196,abbreviation.moi,available,25.99,25.99,high,low,12,namesilo,,,01/10/2026 12:48
6df93cef-9522-42ce-9509-d8ba1fd32e33,kiosks.moi,available,27,,medium,low,6,unstoppable,,,02/10/2026 03:27
3a7f726c-8d6c-4ebc-b3ec-bbbc5f106487,hpv.moi,available,25.99,25.99,high,low,3,namesilo,,,30/09/2026 23:05
de0ff27b-db7e-46d2-9379-f5252b6fb491,keister.moi,available,25.99,25.99,low,low,7,namesilo,,,09/08/2026 11:08
68dcfd8d-3301-47a3-a98e-a05d2a97a938,greta.moi,available,25.99,25.99,high,low,5,namesilo,,,30/09/2026 12:28
9635b3f0-9a40-4f7a-a5f5-0103b0e5dfda,manchurian.moi,available,25.99,25.99,high,low,10,namesilo,,,24/08/2026 14:34
e2fc90ba-ccb2-4c0e-93ac-6966437b112b,heel.moi,available,25.99,25.99,medium,low,4,namesilo,,,29/09/2026 02:57
a00c2cd4-ba9f-455c-ab35-f77b196cf436,guitar.moi,available,17.5,21.11,high,low,6,porkbun,,,29/09/2026 21:44
81f23c49-6d1e-41c9-a22e-73b26f63157b,archetypal.moi,available,25.99,25.99,high,low,10,namesilo,,,06/08/2026 15:32
e1356df6-7bb7-49a5-ab2b-ca31dff71b6d,culturally.moi,available,25.99,25.99,high,low,10,namesilo,,,14/09/2026 09:57
4502b928-576a-4dda-9f20-5f214bd41340,physiological.moi,available,27,,medium,low,13,unstoppable,,,29/09/2026 20:58
aaaf4c8b-9bf7-4392-82f1-639a7032e74d,elector.moi,available,27,,medium,low,7,unstoppable,,,28/09/2026 19:03
7218a923-b2a4-45f6-bcb6-8780e11c5df8,enrollment.moi,available,27,,high,low,10,unstoppable,,,28/09/2026 02:45
9d7e5715-e7f8-4502-b2b0-68e4af744cfb,bower.moi,available,25.99,25.99,medium,low,5,namesilo,,,20/09/2026 00:59
f6c993a1-c522-4d5e-8e53-ac12cf51c5f5,zhang.moi,available,25.99,25.99,high,low,5,namesilo,,,25/09/2026 15:58
2ef6c568-9dfd-44c7-8735-4dd17fa4d914,boneless.moi,available,25.99,25.99,medium,low,8,namesilo,,,10/08/2026 18:38
a4480c67-5d02-4c67-ae3f-c057406fe18b,irc.moi,available,27,,high,low,3,unstoppable,,,28/09/2026 20:54
aeaa28c4-4236-47ab-9101-536e9ad7a8f8,langdon.moi,available,27,,medium,low,7,unstoppable,,,28/09/2026 16:35
5d05b678-2bbb-4009-93ac-6104214e2077,namely.moi,available,25.99,25.99,medium,low,6,namesilo,,,28/09/2026 16:21
efc7e611-8cc2-42d5-8239-bc6ffb0c8099,argil.moi,available,25.99,25.99,medium,low,5,namesilo,,,20/09/2026 04:20
c6355204-d59a-463a-816f-cc506e0b1868,modestly.moi,available,25.99,25.99,medium,low,8,namesilo,,,15/09/2026 15:13
cf33529a-5589-4500-9cff-8a32df198ca0,benignly.moi,available,25.99,25.99,medium,low,8,namesilo,,,13/09/2026 23:51
7bf46a81-5cbc-41f8-9cee-1ca17fab5a6d,adventitia.moi,available,25.99,25.99,medium,low,10,namesilo,,,17/09/2026 10:36
3d002aa2-4683-4522-9639-a6a46841210d,zaragoza.moi,available,27,,medium,low,8,unstoppable,,,29/09/2026 08:01
fb32f267-86bb-47e1-8e68-ff1d4a1c1d2e,growth.moi,available,25.99,25.99,high,medium,6,namesilo,,,19/09/2026 11:42
b4dd0ffd-1014-4dc7-a1b0-f871c97e6ef0,writers.moi,available,27,,high,low,7,unstoppable,,,28/09/2026 04:38
f8be69cf-3d9c-4430-a4a7-7859b9e6f43f,boycott.moi,available,25.99,25.99,medium,low,7,namesilo,,,24/09/2026 07:48
bf58679d-46ab-4a59-b444-f1666dab1327,understand.moi,premium,500.5,,high,low,10,unstoppable,,,30/09/2026 18:59
9b3fd7d4-6014-4df9-9135-72da5604c948,common.moi,available,25.99,25.99,high,low,6,namesilo,,,23/09/2026 15:53
3caf8561-f53e-4e55-b886-671b18436df0,abide.moi,available,25.99,25.99,high,low,5,namesilo,,,29/09/2026 04:34
a764652a-6d15-46d6-9239-f990729989a2,aces.moi,available,17.5,21.11,high,medium,4,porkbun,,,29/09/2026 08:40
0884aa39-abbf-4853-9902-7d0c13311058,fca.moi,available,27,,high,low,3,unstoppable,,,30/09/2026 19:55
6e05b4c2-476a-4d2c-8380-13536b7cade1,punily.moi,available,25.99,25.99,low,low,6,namesilo,,,15/09/2026 22:01
23e42683-4519-4f76-8fa3-354526856d0f,anson.moi,available,25.99,25.99,high,low,5,namesilo,,,28/09/2026 07:57
481221f9-18fd-4d95-bc35-5cb0ec75986c,troubling.moi,available,25.99,25.99,medium,low,9,namesilo,,,14/08/2026 13:19
793cf3f2-c373-486e-b737-839a07c7e751,francisco.moi,available,,,high,low,9,,,,25/09/2026 18:30
2d774dcc-b6de-4f97-ad1e-083ca95c421a,struck.moi,available,25.99,25.99,medium,low,6,namesilo,,,10/09/2026 11:50
35b33338-c4ff-4715-8ead-8783d39be80c,bunghole.moi,available,25.99,25.99,medium,low,8,namesilo,,,20/09/2026 09:34
0c8f7955-9042-4f24-a266-7f32c74fc97f,campsite.moi,available,25.99,25.99,high,low,8,namesilo,,,24/09/2026 11:55
5ec3a71d-b50c-4634-8f10-e903ae124477,shipyard.moi,available,27,,high,low,8,unstoppable,,,30/09/2026 02:50
131ff058-7402-4c62-9b59-f16caa218b27,modernized.moi,available,25.99,25.99,high,low,10,namesilo,,,19/09/2026 17:17
58961e61-2467-433d-a789-ae342f983521,arabic.moi,available,25.99,25.99,high,low,6,namesilo,,,22/09/2026 07:33
6373a80c-28b6-4d65-b4e3-991037f84692,airstrip.moi,available,25.99,25.99,high,low,8,namesilo,,,17/09/2026 23:24
ce30f53c-06c3-42a8-a56d-aec1fbd2ac79,snowden.moi,available,17.5,21.11,medium,low,7,porkbun,,,29/09/2026 11:15
5804f35d-9a54-4f88-a43d-71cdee15ebee,hater.moi,available,27,25.99,medium,low,5,unstoppable,,,29/09/2026 22:19
a0031c36-8866-4c83-a7a5-26bf71be2201,deflation.moi,available,25.99,25.99,medium,low,9,namesilo,,,29/09/2026 13:36
e4340607-abfd-44a7-938f-f9a5cefd2c30,collingwood.moi,available,25.99,25.99,medium,low,11,namesilo,,,28/09/2026 12:17
62c0ce93-8808-46de-9d35-10631bc0972b,sportsman.moi,available,27,,high,low,9,unstoppable,,,01/10/2026 21:45
1c66cb9d-0b93-47d4-a667-e419d0e7cbfc,hallmark.moi,available,25.99,25.99,high,medium,8,namesilo,,,20/09/2026 15:56
e3e2ee54-1481-4102-b7aa-d874255a8385,slopes.moi,available,27,,medium,low,6,unstoppable,,,30/09/2026 07:04
c47f2b85-2e07-45d8-aff7-830462d457ea,handled.moi,available,25.99,25.99,high,low,7,namesilo,,,20/08/2026 23:28
6413439b-131c-459d-aafb-62e752531d09,feels.moi,available,27,25.99,high,low,5,unstoppable,,,01/10/2026 09:54
48b2b512-2880-453f-8cae-1135c8cec19e,storied.moi,available,25.99,25.99,high,low,7,namesilo,,,21/08/2026 09:55
bafb5284-4488-4f01-914b-77c7d35e0f6c,electron.moi,available,27,,high,low,8,unstoppable,,,29/09/2026 18:44
f63bba23-1689-456e-a6e4-13c10d3b3a94,products.moi,available,25.99,25.99,high,low,8,namesilo,,,08/09/2026 11:31
d7ad6e38-53e2-4a01-a999-bd5031b6eb41,vespucci.moi,available,39.99,39.99,high,low,8,name.com,,,18/09/2026 21:04
652b57ab-7a4b-4995-b729-e8b9fbd4da03,settlers.moi,available,25.99,25.99,medium,low,8,namesilo,,,30/09/2026 06:58
bcec57f9-7304-446b-8a99-3257a90d75a2,clathrate.moi,available,25.99,25.99,medium,low,9,namesilo,,,11/08/2026 16:23
4e028ba8-54d9-4991-9c41-14bc2a4c0283,flanges.moi,available,25.99,25.99,low,low,7,namesilo,,,30/09/2026 15:50
220db9c4-039f-438d-a700-1679b9247a5d,keenness.moi,available,25.99,25.99,high,low,8,namesilo,,,21/09/2026 09:30
92fce4d4-2cca-451c-b726-fe8927199702,brooke.moi,available,25.99,25.99,high,low,6,namesilo,,,25/09/2026 02:29
486de636-f6b1-459b-bc38-f9268603c88a,augusta.moi,available,25.99,25.99,high,low,7,namesilo,,,21/09/2026 03:54
2947a315-0fd9-4f6e-812f-4789325d5724,swampy.moi,available,25.99,25.99,medium,low,6,namesilo,,,10/08/2026 17:18
3c8188b4-b46e-4df8-a7c4-0d77b79acc70,omnivorous.moi,available,25.99,25.99,medium,low,10,namesilo,,,04/09/2026 13:56
f2bce124-7d4f-4992-b84b-7589f13bc9ed,oxidized.moi,available,25.99,25.99,medium,low,8,namesilo,,,04/09/2026 22:25
f3199b5e-2b39-44c7-a23f-a817bcc50a10,badaga.moi,available,25.99,25.99,medium,low,6,namesilo,,,21/09/2026 16:58
3d838e8a-bf3e-4377-8a71-b9c9aa4cb442,ablaze.moi,available,25.99,25.99,high,low,6,namesilo,,,
1888af06-ef89-4e07-9612-541906e145ad,surd.moi,available,25.99,25.99,medium,low,4,namesilo,,,11/09/2026 03:41
82245802-7bac-48f5-aaf4-8366430a8396,opined.moi,available,25.99,25.99,medium,low,6,namesilo,,,28/09/2026 09:10
7240ddd5-2ec6-46ed-9a80-676954e2269e,tunica.moi,available,25.99,25.99,medium,low,6,namesilo,,,17/09/2026 10:35
91535075-e32c-4b35-9872-3d516ee84a5c,actable.moi,available,39.99,39.99,medium,low,7,name.com,,,
f7dbcc76-5b5a-4077-805f-6a963cd66b2c,edges.moi,available,25.99,25.99,medium,low,5,namesilo,,,28/09/2026 22:54
4683a2db-8a3d-4a83-8a6f-44a30fb0766a,shelfy.moi,available,25.99,25.99,high,medium,6,namesilo,,,09/09/2026 12:29
72ec2319-5158-4325-9321-ab8b9c387218,otiose.moi,available,39.99,39.99,medium,low,6,name.com,,,17/08/2026 20:56
6a7bf343-a0ed-4c1c-b778-e59eeb2586ce,controller.moi,available,25.99,25.99,high,low,10,namesilo,,,28/09/2026 06:44
112b0c1b-735c-4344-9317-9c0d048f1c75,toothcare.moi,available,39.99,,medium,low,9,name.com,,,
86cde8b1-9d25-42fe-9262-5fd243e432e5,pareve.moi,available,25.99,25.99,medium,low,6,namesilo,,,08/09/2026 01:25
bd8f497c-31fd-4c01-b3f9-130f9330c07e,ndp.moi,available,25.99,25.99,high,low,3,namesilo,,,29/09/2026 09:39
33a53d75-1c67-4e72-bd8b-77f79c53d6ac,savings.moi,premium,384,384,high,low,7,namesilo,,,02/10/2026 01:13
965751f7-00b2-4b50-b767-c529e4ac0ed7,yule.moi,available,25.99,25.99,high,low,4,namesilo,,,24/09/2026 14:52
e5b335ba-0ca3-4b56-8c77-b7c5482ec635,inclined.moi,available,27,,medium,low,8,unstoppable,,,28/09/2026 21:12
2be2056c-ad71-4da5-ba2d-86a8b51c0cc5,kcal.moi,available,27,,high,low,4,unstoppable,,,30/09/2026 12:30
69334522-6c3c-48fd-85b0-c24ca9c180fe,tan.moi,premium,242,242,high,low,3,namesilo,,,11/09/2026 07:50
d8179616-5e72-4f63-8940-9f6c8eee8c1f,jing.moi,available,27,,high,low,4,unstoppable,,,30/09/2026 19:50
69f76421-5e14-4f86-adb5-5f1712ba004f,flimsy.moi,available,25.99,25.99,medium,low,6,namesilo,,,18/08/2026 08:15
28d5343f-ee6c-465c-b357-67f861cce455,nemesis.moi,available,25.99,25.99,high,low,7,namesilo,,,22/09/2026 01:42
7b1735c8-1441-4258-9347-7e07ec3882d9,twentieth.moi,available,25.99,25.99,high,low,9,namesilo,,,21/09/2026 12:27
6da1a71d-2094-425f-9f4a-f668ee53861f,veterans.moi,available,25.99,25.99,high,low,8,namesilo,,,18/09/2026 11:06
36859ccc-413a-4e18-8b44-091bb8bd0bc9,whale.moi,available,17.5,21.11,high,low,5,porkbun,,,29/09/2026 23:18
d831c144-1424-47f6-8dc1-6da3e0342d01,elihu.moi,available,25.99,25.99,medium,low,5,namesilo,,,01/10/2026 07:45
fe9455d0-7246-45c7-bc8a-ea8429c52593,gigs.moi,available,27,,high,low,4,unstoppable,,,02/10/2026 02:58
73354455-a9a3-4496-b17b-acc8c4c16759,belem.moi,available,25.99,25.99,medium,low,5,namesilo,,,23/09/2026 04:51
37e8bb93-1520-4f31-a2f3-f0f940796de4,acicular.moi,available,25.99,25.99,medium,low,8,namesilo,,,
18d12c11-7b4f-4b41-8041-e13730476605,conway.moi,available,39.99,39.99,high,low,6,name.com,,,25/09/2026 21:36
8c4a7671-a353-4c57-a660-868c6502249f,isabel.moi,available,25.99,25.99,high,low,6,namesilo,,,28/09/2026 16:24
bc0b0c1b-87af-4002-940a-bffd6bbf3f3c,infuriated.moi,available,25.99,25.99,medium,low,10,namesilo,,,
667980a6-d299-4470-b57a-c4d136aac627,ooh.moi,available,25.99,25.99,high,low,3,namesilo,,,30/09/2026 11:21
148aebc6-2257-4332-8243-1ae31694c559,drycleaning.moi,available,25.99,25.99,high,low,11,namesilo,,,21/09/2026 04:39
7d5b664a-f0f5-4a59-b3ec-ef3cfbe93767,galax.moi,available,25.99,25.99,medium,low,5,namesilo,,,23/09/2026 01:54
f0b3044b-ee7a-4082-bd90-437364f7373e,testator.moi,available,25.99,25.99,medium,low,8,namesilo,,,11/09/2026 12:02
0674ee33-ec65-4a4a-9e4d-850569b4fb4a,punching.moi,available,25.99,25.99,medium,low,8,namesilo,,,29/09/2026 00:06
6615ec0a-9727-416b-a9de-090ea795c622,closed.moi,available,25.99,25.99,high,low,6,namesilo,,,12/08/2026 12:15
a927514e-a294-4552-a045-759c920a4676,developer.moi,available,27,25.99,high,medium,9,unstoppable,,,29/09/2026 14:33
6a179df1-4561-46a5-b10f-41c659617628,logical.moi,available,25.99,25.99,high,low,7,namesilo,,,12/08/2026 16:03
019a7cd4-6f9a-47f7-b5a2-06c1e22d3bf1,annotation.moi,available,25.99,25.99,high,low,10,namesilo,,,19/09/2026 10:38
87c591ce-dce6-4e11-a5c2-e569aba32b72,unwrapped.moi,available,25.99,25.99,high,low,9,namesilo,,,12/09/2026 22:53
722b8f38-b343-4fff-9d5d-865d1d532fc8,hatred.moi,available,27,25.99,medium,low,6,unstoppable,,,29/09/2026 22:18
6912e47e-b450-48cc-b78a-be0328c2346e,bookshop.moi,available,25.99,25.99,high,low,8,namesilo,,,24/09/2026 07:16
7a70e1a6-c30b-48e5-9396-fcf5d80f58bc,doze.moi,available,25.99,25.99,high,low,4,namesilo,,,24/09/2026 23:43
a5d067d2-edad-4c8c-9b8c-073eb8cbbd0a,sbc.moi,available,25.99,25.99,high,low,3,namesilo,,,30/09/2026 12:42
96ed6037-f50b-4d91-bfff-561e443604e1,garland.moi,available,25.99,25.99,high,low,7,namesilo,,,30/09/2026 16:42
8cd597aa-af32-40eb-a1e0-2841a7764b1d,dunstan.moi,available,27,,medium,low,7,unstoppable,,,02/10/2026 00:24
989f9ca5-f937-40c1-a516-5092c84acd06,helen.moi,premium,242,242,high,low,5,namesilo,,,25/09/2026 07:10
e328672b-5c00-41a1-91b5-afe5705b4611,onrush.moi,available,25.99,25.99,medium,low,6,namesilo,,,21/09/2026 01:07
f1a312cc-5867-417f-9ae0-c83f525c1581,wheaten.moi,available,25.99,25.99,medium,low,7,namesilo,,,13/09/2026 11:15
7a185001-f510-458a-8054-72f545213a78,imitator.moi,available,25.99,25.99,medium,low,8,namesilo,,,19/09/2026 16:27
27c44b0d-4013-4135-a8a9-d6d09472801a,praetorial.moi,available,25.99,25.99,high,medium,10,namesilo,,,09/09/2026 00:59
44e97b14-6d10-484e-89c6-fd9f95495010,keyed.moi,available,25.99,25.99,medium,low,5,namesilo,,,22/08/2026 15:42
2722a777-8891-4b0e-8454-48643d9c2030,linux.moi,available,25.99,25.99,high,medium,5,namesilo,,,25/09/2026 23:27
65435587-6df1-43ef-8024-f0f49f7dfcaa,abcs.moi,available,25.99,25.99,high,low,4,namesilo,,,16/09/2026 14:38
1fa8338a-0e17-472f-b3c5-23ecd180559b,shamanism.moi,available,25.99,25.99,high,low,9,namesilo,,,20/09/2026 14:05
7d792598-3d3b-41de-9ace-9a3d9557a596,wavell.moi,available,25.99,25.99,medium,low,6,namesilo,,,20/09/2026 02:03
35ff4539-ea9e-4d18-a9d2-87c88590667a,hybrid.moi,available,25.99,25.99,high,low,6,namesilo,,,25/09/2026 07:10
c0fa09d1-96fc-4dee-bbe9-80b1e0cdf05d,blocks.moi,available,25.99,25.99,high,low,6,namesilo,,,17/09/2026 21:52
3629d168-3198-4f89-84fe-41f81ffb6625,condense.moi,available,27,25.99,high,low,8,unstoppable,,,30/09/2026 17:42
8e6b2266-0d26-4e72-acb3-9624d31e1a7e,songbird.moi,available,25.99,25.99,high,low,8,namesilo,,,30/09/2026 11:31
5eed5d51-2f01-445e-89a1-94b72a8cd193,wineberry.moi,available,25.99,25.99,medium,low,9,namesilo,,,20/09/2026 05:57
33561256-853d-449a-958e-c9e7a00b57eb,arrangement.moi,available,17.5,21.11,high,low,11,porkbun,,,27/09/2026 21:23
2ad1c48b-eacb-4666-b09a-dcbb6d9b5072,aptitude.moi,available,25.99,25.99,high,low,8,namesilo,,,19/09/2026 22:41
431da6b4-f3d6-4771-ad91-281cca59400a,provident.moi,available,25.99,25.99,high,low,9,namesilo,,,09/09/2026 04:35
3970aba0-0b88-4cd8-8a6d-557279748ea7,shaft.moi,available,25.99,25.99,high,low,5,namesilo,,,29/09/2026 01:04
d4676732-c6d7-43f2-b4dc-ab1d6cd88dc0,adjectives.moi,available,25.99,25.99,medium,low,10,namesilo,,,18/09/2026 16:11
d3258306-ea23-4379-9461-8f7ba00ac2f4,eunice.moi,available,27,,medium,low,6,unstoppable,,,29/09/2026 03:57
5ab05a30-29e6-4951-baa6-bbcf2ddae9bc,dearie.moi,available,39.99,39.99,high,low,6,name.com,,,13/08/2026 18:19
a3944698-e6ef-4ea5-a13a-5249842ccef7,altair.moi,available,25.99,25.99,medium,low,6,namesilo,,,18/09/2026 14:31
b6c255cd-edb3-457e-8a86-5813f571657d,apollo.moi,available,25.99,25.99,high,medium,6,namesilo,,,19/09/2026 18:42
9d8c518e-14b2-4ee0-bf73-07ff3dddbbd3,twits.moi,available,25.99,25.99,low,low,5,namesilo,,,21/09/2026 06:16
72a72190-e8f0-41f1-9ef7-ced0317f134c,coordinated.moi,available,25.99,25.99,high,low,11,namesilo,,,30/09/2026 03:56
b2d77298-b4b1-4e65-8917-b971746e05b1,aspheric.moi,available,25.99,25.99,medium,low,8,namesilo,,,07/08/2026 04:52
3cd70e46-8506-44e6-a940-e20b14e3ee29,newcomb.moi,available,17.5,21.11,high,low,7,porkbun,,,29/09/2026 13:33
d200f7cc-2b07-460a-8b05-74eb00fd0da7,beside.moi,available,25.99,25.99,high,low,6,namesilo,,,01/10/2026 03:19
5cfd9f13-40a1-481f-9547-1f71706a1d0c,netherland.moi,available,27,,medium,low,10,unstoppable,,,30/09/2026 05:30
8645793f-b4e2-4bc3-8b60-78cbc30da899,agrostemma.moi,available,,,medium,low,10,,,,17/09/2026 19:51
4690833e-00e9-4297-8f17-9e6e07ee5795,romans.moi,available,27,,medium,low,6,unstoppable,,,28/09/2026 19:05
0048f9a0-5009-49b3-9e27-dbbc85437e14,electricians.moi,available,25.99,25.99,medium,low,12,namesilo,,,20/09/2026 20:08
cfd98f4e-66dc-467c-8141-61ebb02e6a25,sibling.moi,available,17.5,21.11,high,low,7,porkbun,,,29/09/2026 20:18
57013edc-e1be-4a6c-959f-c977b10da258,dracula.moi,available,25.99,25.99,high,low,7,namesilo,,,29/09/2026 16:40
8e79f8d5-a13c-460f-9262-4f9c1017638a,oxfam.moi,available,25.99,25.99,high,low,5,namesilo,,,
92f44abd-ada6-4db6-9c2f-6a9266eae9c2,caracas.moi,available,25.99,25.99,high,low,7,namesilo,,,29/09/2026 07:11
7928589b-d9b0-4950-9d46-55610cdde7e3,pritchard.moi,available,27,,medium,low,9,unstoppable,,,28/09/2026 12:14
d9b7b7fe-f003-4a31-90ef-4ce2d7256cb9,verminous.moi,available,25.99,25.99,medium,low,9,namesilo,,,13/09/2026 04:05
45646eec-c81f-4d35-b658-621f7c91ab9b,fanged.moi,available,25.99,25.99,medium,low,6,namesilo,,,17/08/2026 22:05
7a364c45-c713-4bcf-a5d3-e40954ef7442,koch.moi,available,25.99,25.99,high,low,4,namesilo,,,25/09/2026 08:52
467837b1-4d67-40b4-bc72-6b7aa69d2576,recognizing.moi,available,25.99,25.99,medium,low,11,namesilo,,,30/09/2026 23:30
37524868-53c1-4d2d-9a66-4cf1f65f4c8e,serviced.moi,available,25.99,25.99,medium,low,8,namesilo,,,01/10/2026 15:44
558f846b-1f66-4d79-a540-b55b99cf20f9,manganese.moi,available,25.99,25.99,medium,low,9,namesilo,,,20/09/2026 22:40
f8dba8ab-1014-4f3c-bd3b-e4b3d94f4de4,hadal.moi,available,39.99,39.99,medium,low,5,name.com,,,20/08/2026 21:30
9116fe89-78d2-4c73-bdff-e1b3b5aa8575,operose.moi,available,25.99,25.99,medium,low,7,namesilo,,,06/08/2026 17:05
6bc1ce77-925e-4109-9c0e-da644c424c33,booklet.moi,available,25.99,25.99,high,low,7,namesilo,,,24/09/2026 07:06
3226e15a-be93-4c58-ae56-9907a1bb5863,amplifies.moi,available,39.99,39.99,medium,low,9,name.com,,,17/09/2026 20:54
e7f41dc7-d77f-4790-a5e3-f8e4921bc5a7,loyalist.moi,available,25.99,25.99,medium,low,8,namesilo,,,10/09/2026 18:31
565362b2-3558-4e18-a7de-7729c461617e,discharge.moi,available,25.99,25.99,high,low,9,namesilo,,,20/09/2026 01:05
ccde119c-b4b9-407a-9dfa-4bc781a9dfb1,appear.moi,available,27,25.99,high,low,6,unstoppable,,,30/09/2026 15:08
d954965f-98ab-4028-8d6e-5d03230d0a7e,insomnia.moi,available,25.99,25.99,high,low,8,namesilo,,,29/09/2026 13:08
2d6797a7-c3b8-481f-8814-55bdfdbf987e,sobeit.moi,available,39.99,39.99,low,low,8,name.com,,,16/09/2026 13:51
bb44ee50-8206-42ab-bd4f-5f0d6f89037b,emancipation.moi,available,25.99,25.99,high,low,12,namesilo,,,01/10/2026 15:38
d708e91a-be8a-4480-bbc2-457e384a155c,odor.moi,available,25.99,25.99,high,low,4,namesilo,,,20/09/2026 08:25
b706bc6a-d78d-4368-90a4-b4b3411c15d5,athelstan.moi,available,,,medium,low,9,,,,20/09/2026 20:33
605d8334-eae2-49e3-8b00-0e9d4293f420,conforming.moi,available,39.99,39.99,high,low,10,name.com,,,12/08/2026 21:11
5287238a-19e7-48f9-8edb-7bbc06130269,dike.moi,available,25.99,25.99,medium,low,4,namesilo,,,11/08/2026 11:33
ee0d83a8-5d4a-45e7-be34-0072bf7a5a33,procession.moi,available,25.99,25.99,high,low,10,namesilo,,,29/09/2026 06:59
c36bd6d1-d983-4d8d-bd7a-dfd09c1fc38e,potpourri.moi,available,25.99,25.99,high,low,9,namesilo,,,25/08/2026 08:24
b857388d-dfc2-4888-ad23-54ceddfafddd,sweetest.moi,available,27,,medium,low,8,unstoppable,,,30/09/2026 15:05
35565b73-9d9e-4216-93b1-e14377109ee1,undermining.moi,available,25.99,25.99,medium,low,11,namesilo,,,01/10/2026 15:46
519a4268-8983-48b3-8663-03d7ce9ec390,bend.moi,available,25.99,25.99,high,low,4,namesilo,,,23/09/2026 07:40
858ee20d-ebf2-4e9c-99fd-5cbe7dc4f474,leinster.moi,available,25.99,25.99,medium,low,8,namesilo,,,29/09/2026 09:29
3285e3a5-0926-4cdc-9e62-894c50e7bce7,rosie.moi,available,25.99,25.99,high,low,5,namesilo,,,27/09/2026 19:47
7afc082c-c406-4fe8-958d-a3680e4f724f,pliny.moi,available,27,,medium,low,5,unstoppable,,,28/09/2026 01:57
3e2da72d-3b99-4ad6-84cb-d14b6bab7f8e,restaurant.moi,available,25.99,25.99,high,low,10,namesilo,,,29/09/2026 08:14
df04e066-26ed-45a6-a301-0ac25cd880ad,waterproof.moi,available,25.99,25.99,high,medium,10,namesilo,,,09/09/2026 09:48
acf91166-f30f-4365-af99-bcf9c89c4612,insignia.moi,available,25.99,25.99,high,low,8,namesilo,,,30/09/2026 17:42
c1b28cab-42bf-4770-90d1-182548106e9c,uttermost.moi,available,25.99,25.99,high,low,9,namesilo,,,17/08/2026 22:44
2dd43e4e-627d-435f-a93d-ac8310d3bdd5,licensing.moi,available,25.99,25.99,high,low,9,namesilo,,,02/10/2026 01:34
a2f227ed-be09-44bc-bca6-43ce87cee870,automobile.moi,available,25.99,25.99,high,low,10,namesilo,,,28/09/2026 23:26
cfe46eab-5039-4368-adae-f07d9bf4373e,lepanto.moi,available,25.99,25.99,medium,low,7,namesilo,,,22/09/2026 15:21
71136d1f-d717-448f-a7af-c7e55e485f86,lance.moi,available,27,,high,low,5,unstoppable,,,28/09/2026 05:44
8359395d-0a9c-49bf-a44c-9464196c14a5,sonar.moi,available,25.99,25.99,high,low,5,namesilo,,,20/09/2026 13:30
0d89b8d7-d177-41ea-9e80-e0097f27e5ff,lobes.moi,available,25.99,25.99,medium,low,5,namesilo,,,01/10/2026 17:10
4744b951-c35f-46ab-9c6e-e0bf403905e8,shrine.moi,available,25.99,25.99,high,low,6,namesilo,,,28/09/2026 10:54
a4209197-7f33-4b35-a505-d9cb3b211da1,laura.moi,premium,375,,high,low,5,name.com,,,
1d5a2e9b-001f-4e6d-a03f-e7a99e9e9f6d,splendor.moi,available,25.99,25.99,high,low,8,namesilo,,,30/09/2026 08:50
27fbeb15-a2ab-4360-b1a6-84c1b0575d56,balagan.moi,available,25.99,25.99,medium,low,7,namesilo,,,21/09/2026 20:48
09dc2428-5f93-476a-a086-43f7ad206263,swimwear.moi,available,25.99,25.99,high,low,8,namesilo,,,22/09/2026 13:39
b4401570-529e-473e-9972-2b347e0e8809,ballistic.moi,available,25.99,25.99,medium,low,9,namesilo,,,08/08/2026 10:31
6a058853-a45c-43c1-bd50-524c926ca31e,univalent.moi,available,25.99,25.99,medium,low,9,namesilo,,,12/09/2026 14:00
38914c43-85cd-4da4-81d7-f916461b4136,coroner.moi,available,27,,medium,low,7,unstoppable,,,28/09/2026 09:27
5d5547ba-7e33-4c72-894f-2b8756b2aa8d,lynchpin.moi,available,25.99,25.99,high,low,8,namesilo,,,21/09/2026 15:18
b6bdca4c-f87b-4c18-b7d7-f29e353cce02,adaptation.moi,available,25.99,25.99,high,low,10,namesilo,,,17/09/2026 06:27
9d3bf0ff-4fb3-4ff9-90db-4dc1dd5d23ec,solomon.moi,available,27,,high,low,7,unstoppable,,,28/09/2026 20:31
750e41be-343e-48d5-b61d-b77dea340e49,ropy.moi,available,,,high,medium,4,,,,09/09/2026 18:37
c5fdafa9-b828-47d6-b568-429e6059ca1a,schreiber.moi,available,27,,high,low,9,unstoppable,,,29/09/2026 15:36
c40825ee-15bf-43a5-a0e0-f94c18502ab1,grantham.moi,available,25.99,25.99,medium,low,8,namesilo,,,30/09/2026 00:07
ab320528-e834-4eff-947c-c23fa19a577c,equal.moi,available,18.99,39.99,high,low,5,name.com,,,21/09/2026 18:27
8a997565-c7c6-434e-bb8b-f317d2afe6a3,honoured.moi,available,17.5,21.11,medium,low,8,porkbun,,,29/09/2026 03:18
17f281e1-861a-4675-8185-10d825a7562c,loomis.moi,available,25.99,25.99,medium,low,6,namesilo,,,28/09/2026 12:17
8017dfca-0539-4260-af7a-e6f2876062de,methane.moi,available,27,,high,low,7,unstoppable,,,29/09/2026 13:25
21e7835c-ff4d-4157-84c0-1904107ec094,mariah.moi,available,25.99,25.99,high,low,6,namesilo,,,30/09/2026 04:14
184aa2bb-fd2a-48da-afb2-7e4e18abb0a5,mitchell.moi,available,25.99,25.99,high,low,8,namesilo,,,20/09/2026 11:03
25f978ef-31f3-4a54-9f08-bad35444e858,theatrical.moi,available,25.99,25.99,high,low,10,namesilo,,,11/09/2026 12:33
b86f5a9d-352f-4c21-b5c7-9c66580ca895,reasonless.moi,available,25.99,25.99,medium,low,10,namesilo,,,11/08/2026 22:42
2a2cb2d0-1c2f-4685-93d0-849994e33814,seems.moi,available,25.99,25.99,medium,low,5,namesilo,,,18/09/2026 01:08
fe9b136f-76ac-4a02-9917-d944cf696b00,haste.moi,available,25.99,25.99,high,low,5,namesilo,,,27/09/2026 17:08
446cb459-1747-44d5-be74-419cfdb28683,moaning.moi,available,27,,medium,low,7,unstoppable,,,30/09/2026 20:00
6593dccf-d217-4a65-b1f4-4e1abae122e0,tombstone.moi,available,27,,high,low,9,unstoppable,,,29/09/2026 12:58
cec93685-b5c1-4ed6-8cfc-c0e1393291d6,filter.moi,available,25.99,25.99,high,low,6,namesilo,,,25/09/2026 00:06
3a0df2b9-14b0-44a8-bb9e-d50a87d6bb9b,jungly.moi,available,25.99,25.99,medium,low,6,namesilo,,,22/08/2026 14:27
f0cff08a-6c8a-47d0-bbb7-6859ead19a5e,hus.moi,available,25.99,25.99,high,low,3,namesilo,,,30/09/2026 10:11
9f35bc80-4915-4e62-8365-be34201ae18c,zarqa.moi,available,25.99,25.99,medium,low,5,namesilo,,,21/09/2026 10:58
ca222dd9-18c1-4707-9707-9971548948e1,tablespoons.moi,available,25.99,25.99,medium,low,11,namesilo,,,20/09/2026 10:16
9f88c0c3-0307-41cd-8021-aa36efe3a585,neglect.moi,available,25.99,25.99,high,low,7,namesilo,,,29/09/2026 16:14
d15f90b2-e025-4494-93c1-39735c619304,marriages.moi,available,17.5,21.11,medium,low,9,porkbun,,,28/09/2026 18:09
06e8706a-221a-470e-8fe9-fc135cd9da78,proprietor.moi,available,25.99,25.99,high,low,10,namesilo,,,30/09/2026 10:42
c923fc47-aa54-49e9-83ac-c99a66f7d595,hastings.moi,available,25.99,25.99,high,low,8,namesilo,,,22/09/2026 15:09
e3d2ba9c-0f0d-46ed-b1eb-dde8fcfbac78,cupboard.moi,available,25.99,25.99,high,low,8,namesilo,,,24/09/2026 15:58
e292a0d4-f06e-4e7d-b353-db7f6419350d,safari.moi,available,25.99,25.99,high,low,6,namesilo,,,29/09/2026 07:19
e15b12ae-6d04-4328-b948-b889d8ff4507,waverly.moi,available,25.99,25.99,medium,low,7,namesilo,,,29/09/2026 10:04
3bad54f7-187b-4c81-8a19-bf5c6203230b,dispatching.moi,available,25.99,25.99,high,low,11,namesilo,,,02/10/2026 02:04
ee125719-9dba-476e-87e3-54b6e5a28bda,formations.moi,available,25.99,25.99,medium,low,10,namesilo,,,01/10/2026 15:37
6e1b5218-1c6f-4076-ad4a-1c6e636172ed,repeal.moi,available,25.99,25.99,medium,low,6,namesilo,,,16/09/2026 17:15
6795cf75-360a-49d3-9756-5ce7d085ce94,bmt.moi,available,17.5,21.11,high,low,3,porkbun,,,30/09/2026 20:59
92558108-f81f-439e-bdb9-46466e5fcb8e,cbe.moi,available,27,,high,low,3,unstoppable,,,29/09/2026 09:19
4c92c811-97d9-4f3f-b1b3-49eef64020cf,anasazi.moi,available,25.99,25.99,medium,low,7,namesilo,,,19/09/2026 03:16
0457b8b1-cca4-4044-aa26-fc777b5d5042,inka.moi,available,25.99,25.99,medium,low,4,namesilo,,,22/08/2026 00:48
dd4cf1b9-d0ff-44f5-8030-086e97099a19,berk.moi,available,25.99,25.99,medium,low,4,namesilo,,,23/09/2026 09:31
f8226e62-0c51-458f-b6c6-180145cc2ad6,weakness.moi,available,39.99,39.99,medium,low,8,name.com,,,17/08/2026 20:45
4bd349fd-6f7e-4fbf-9f3b-44433ac38bf7,lagoon.moi,available,25.99,25.99,high,low,6,namesilo,,,29/09/2026 07:27
660c1171-f54e-4a8b-8675-5474611ccaa6,groove.moi,available,17.5,21.11,high,low,6,porkbun,,,28/09/2026 05:49
2d0d69eb-37db-4412-88be-2edccc857338,sacrosanct.moi,available,25.99,25.99,high,medium,10,namesilo,,,09/09/2026 20:39
2204c697-8041-4b22-9e8b-a9d870868ce5,calculators.moi,available,39.99,39.99,medium,low,11,name.com,,,18/09/2026 18:59
3330e19a-edb8-407b-8ec4-a15393b5a8c7,nihility.moi,available,25.99,25.99,medium,low,8,namesilo,,,13/09/2026 06:35
83211aef-2307-4f55-ac8a-9aa9ccc81319,osmotic.moi,available,39.99,39.99,medium,low,7,name.com,,,04/09/2026 18:15
8c526891-4432-469b-b4c7-e42b5d7d03cb,alkalizer.moi,available,25.99,25.99,medium,low,9,namesilo,,,
ec029981-7f31-43e9-980b-2c5f35f95c54,wakening.moi,available,27,25.99,high,low,8,unstoppable,,,28/09/2026 23:37
795b010c-b360-46bc-8371-b831dc59c3cb,accepts.moi,available,25.99,25.99,medium,low,7,namesilo,,,29/09/2026 11:07
57b5f9f5-22dd-482b-9004-23385b0d3103,chronological.moi,available,27,,medium,low,13,unstoppable,,,01/10/2026 04:53
4e47631e-d633-4934-ac17-2d164c4e0be3,roue.moi,available,25.99,25.99,medium,low,4,namesilo,,,09/09/2026 02:53
f7b9d1a4-6ba5-4849-a2f6-37b4d264181c,cowardice.moi,available,,,medium,low,9,,,,24/09/2026 18:57
3149f453-b66c-46c3-843c-a22392b34538,hutton.moi,available,25.99,25.99,high,low,6,namesilo,,,25/09/2026 07:41
7c135cb5-63eb-4560-9258-27234160cd7b,street.moi,available,25.99,25.99,high,low,6,namesilo,,,30/09/2026 12:12
eeebb1d2-03b5-4d04-9d33-f3c57b96da03,apoptosis.moi,available,,,medium,low,9,,,,19/09/2026 19:14
d1059287-a94a-420a-9995-ee105e228cfa,hustle.moi,available,39.99,39.99,high,low,6,name.com,,,17/09/2026 09:12
cd0deb19-57e9-4803-9b87-d016576915b9,coaxial.moi,available,25.99,25.99,medium,low,7,namesilo,,,12/08/2026 14:16
b0ab3932-c533-47c7-9b90-41b3f4f56d62,total.moi,available,25.99,25.99,high,medium,5,namesilo,,,21/09/2026 22:55
df6037d6-4df0-4b14-b2a1-8e6a7538fa6e,hubbub.moi,available,25.99,25.99,high,low,6,namesilo,,,24/09/2026 10:52
bc542456-af53-4307-b521-43dfc25fc6c7,hind.moi,available,25.99,25.99,medium,low,4,namesilo,,,21/08/2026 09:26
6d64747f-3a3b-403a-bfdc-daa85b3ad4fa,cavity.moi,available,25.99,25.99,medium,low,6,namesilo,,,28/09/2026 13:34
fea9d93a-3c29-49d0-bb1a-c411b65162d5,greed.moi,available,25.99,25.99,high,low,5,namesilo,,,21/09/2026 08:43
db7a428d-0b9d-46ff-9aee-a0570f48bdd1,harley.moi,available,25.99,25.99,high,low,6,namesilo,,,25/09/2026 12:17
fdc1396f-5c7c-4514-9780-902822c34e38,acquaintance.moi,available,25.99,25.99,high,low,12,namesilo,,,28/09/2026 08:20
26f30159-12f4-46d3-be4e-e0acb319d51b,piggy.moi,available,25.99,25.99,high,low,5,namesilo,,,21/08/2026 10:19
a8d29016-f144-4edb-926d-dbb072d8a968,imagery.moi,available,17.5,21.11,high,low,7,porkbun,,,29/09/2026 19:16
99845633-895d-43fd-8d9e-f0cee9cf0f3c,players.moi,available,25.99,25.99,high,low,7,namesilo,,,
c8d9bf67-cea3-48af-8060-ecaba6cd9a75,crumpled.moi,available,25.99,25.99,medium,low,8,namesilo,,,13/08/2026 09:06
45dce724-5032-48b7-9021-e791ab8f7447,zygomatic.moi,available,25.99,25.99,medium,low,9,namesilo,,,13/09/2026 15:39
e4f75d9a-8fe4-4394-8c09-7249b135ced3,charitable.moi,available,25.99,25.99,high,low,10,namesilo,,,12/08/2026 02:34
3deb4241-0392-4deb-871e-d886090263b6,publicist.moi,available,25.99,25.99,high,low,9,namesilo,,,30/09/2026 10:55
00b8c786-ad37-4da0-8efa-546569daa56f,auditive.moi,available,25.99,25.99,medium,low,8,namesilo,,,07/08/2026 16:49
e9403b97-1947-4e74-989f-9fa9001c4b15,newfound.moi,available,25.99,25.99,medium,low,9,namesilo,,,08/09/2026 04:48
8f51314b-2d12-454f-8c1b-67a5dc651108,topping.moi,available,25.99,25.99,high,low,7,namesilo,,,11/09/2026 17:36
027e56f6-743f-426a-8a02-a6c5f38b3c2b,infield.moi,available,25.99,25.99,high,low,7,namesilo,,,22/09/2026 10:07
b75cc4f9-2376-4efc-9cc4-e2bbff3e3eb3,acrimony.moi,available,25.99,25.99,medium,low,8,namesilo,,,17/09/2026 03:09
649959cf-948d-44b3-8997-b5667dfe4ef8,quartic.moi,available,25.99,25.99,high,low,7,namesilo,,,10/08/2026 05:37
0c3734e1-a824-4cbd-8523-89c5a5eb95de,coordinator.moi,available,25.99,25.99,high,low,11,namesilo,,,30/09/2026 15:36
09875136-f5d4-44ba-8d01-5332db37855a,dividable.moi,available,25.99,25.99,medium,low,9,namesilo,,,14/08/2026 13:41
ab6bccf0-e7bf-4fe8-8779-7c4b967a3ee4,preview.moi,available,25.99,25.99,high,low,7,namesilo,,,30/09/2026 07:16
606611d3-a7fe-4f75-aa6f-b3f1668aa6b8,drummond.moi,available,25.99,25.99,medium,low,8,namesilo,,,25/09/2026 15:26
f2a221f0-f5b1-4c4f-8f85-c08d93effc60,muddled.moi,available,25.99,25.99,medium,low,7,namesilo,,,03/09/2026 10:22
0287d257-ed37-4f97-93b0-ea3b624e08c8,salim.moi,available,25.99,25.99,high,low,5,namesilo,,,19/09/2026 04:37
aec4d357-8859-4d7e-a304-5f4655c31c53,speckless.moi,available,25.99,25.99,medium,low,9,namesilo,,,21/08/2026 20:42
deeb8872-c4f3-4247-9f81-571054467b4d,rumble.moi,available,39.99,39.99,high,low,6,name.com,,,20/08/2026 20:36
67beef47-4227-4882-a366-b0068ce11339,rod.moi,available,27,,high,low,3,unstoppable,,,29/09/2026 20:44
64a55391-ddcb-4e20-9fb6-e716aa592b01,danceable.moi,available,39.99,39.99,medium,low,9,name.com,,,13/08/2026 16:59
2ab1612c-a5a0-4836-80b5-108cc2fdb6d6,bel.moi,available,25.99,25.99,high,low,3,namesilo,,,23/09/2026 04:21
17fe9a01-489d-4207-b02d-ece3af1ff0db,coal.moi,available,25.99,25.99,high,low,4,namesilo,,,28/09/2026 01:38
4add3f72-7a42-4b90-a0a6-3a0244139045,infantile.moi,available,25.99,25.99,medium,low,9,namesilo,,,12/08/2026 05:04
18603d0b-50e0-4328-a110-2ebea69cec45,clerical.moi,available,25.99,25.99,high,low,8,namesilo,,,12/08/2026 10:48
56e6edb9-81d3-4e8c-86d8-0b8f18e5d772,monophonic.moi,available,25.99,25.99,medium,low,10,namesilo,,,25/08/2026 04:55
4cf7bb1c-1993-415c-9aba-aed706432cce,expertise.moi,available,27,25.99,high,low,9,unstoppable,,,29/09/2026 18:40
e4d6a8bd-8278-4c79-ada9-bd80cf398e4f,danube.moi,available,25.99,25.99,high,low,6,namesilo,,,01/10/2026 01:40
0ca3a230-e5f9-4e0f-b05d-e5cbdabb5e61,beaches.moi,available,25.99,25.99,high,low,7,namesilo,,,20/09/2026 07:25
e9cfd28a-9dcf-467b-9aea-1c7695dcb999,involvement.moi,available,25.99,25.99,high,low,11,namesilo,,,
8dea58d9-57d6-4870-a5db-91a27d9fd399,aweigh.moi,available,25.99,25.99,low,low,6,namesilo,,,07/08/2026 14:29
677429a3-1674-46c5-87a8-656e2b75d74a,passports.moi,available,25.99,25.99,high,low,9,namesilo,,,20/09/2026 09:52
3546d7f0-1982-40ec-bb67-485ce016b97d,rumination.moi,available,25.99,25.99,high,low,10,namesilo,,,03/09/2026 11:31
b7e72dfa-f77e-4e9d-8830-e199e7a7185a,wisconsin.moi,available,25.99,25.99,high,low,9,namesilo,,,21/09/2026 17:10
eddd4c87-1040-40aa-b727-13d69b7947f0,affordable.moi,available,25.99,25.99,high,low,10,namesilo,,,21/09/2026 21:59
a9425a0a-9c2c-4fcc-a269-209c93e6a127,lambeth.moi,available,25.99,25.99,medium,low,7,namesilo,,,29/09/2026 04:58
e2bf53cc-e25b-4345-8594-083465ee876e,constructed.moi,available,27,,medium,low,11,unstoppable,,,29/09/2026 16:21
732ee144-3561-4381-ada4-22bd5dfb6a62,bawler.moi,available,25.99,25.99,medium,low,6,namesilo,,,22/09/2026 16:58
3991e59d-832e-4179-a73b-b9835d7f8578,spill.moi,available,25.99,25.99,high,low,5,namesilo,,,27/09/2026 15:56
94a22b66-91ab-41b0-8058-d5bebe56e1f3,scribe.moi,available,25.99,25.99,high,low,6,namesilo,,,21/09/2026 03:59
16adf78f-c460-45f9-b81a-b9cc389f802c,pressured.moi,available,21.11,21.11,low,low,9,porkbun,,,01/10/2026 18:34
cb9dc165-ad66-4c3e-a043-a3408a0a33a5,honegger.moi,available,25.99,25.99,high,low,8,namesilo,,,20/09/2026 10:55
8138fb51-7e03-457f-920e-6fc4311c9b29,rubberise.moi,available,,,high,medium,9,,,,09/09/2026 19:14
f50e3346-5d04-4115-8033-344f59f89969,cost.moi,available,27,25.99,high,low,4,unstoppable,,,29/09/2026 11:43
4ecb47ab-d4ae-4007-90ca-666edd79df08,ticking.moi,available,25.99,25.99,high,low,7,namesilo,,,30/09/2026 13:16
681a0639-93e7-4736-8b34-4cc62434afb1,changsha.moi,available,25.99,25.99,medium,low,8,namesilo,,,02/10/2026 00:31
edbccc92-67c4-4f4d-8ca2-d6b773ccbc3e,flashback.moi,available,27,,high,low,9,unstoppable,,,30/09/2026 17:20
6ee2fd46-60bd-4618-bc59-fdbbc8d2c9a5,ballup.moi,available,25.99,25.99,medium,low,6,namesilo,,,21/09/2026 23:27
ee811eae-f7cf-4c34-a0de-6682bac3589a,warned.moi,available,25.99,25.99,medium,low,6,namesilo,,,18/09/2026 02:46
8d4019a0-a1fc-4fd8-b620-4302fa470e9a,itching.moi,available,17.5,21.11,medium,low,7,porkbun,,,30/09/2026 02:03
3de3e0f3-e1f0-4134-b32b-cbdc4057b4f3,admitted.moi,available,25.99,25.99,medium,low,8,namesilo,,,27/09/2026 22:14
066d9f5c-b602-40d6-a94e-646e6f6fd404,confederation.moi,available,25.99,25.99,medium,low,13,namesilo,,,01/10/2026 22:47
6d0703a3-74f0-470c-a2b2-311f12a595d3,frore.moi,available,25.99,25.99,low,low,5,namesilo,,,18/08/2026 16:21
b6f2f007-1c9b-444e-af20-2bd65ca5004c,jim.moi,available,25.99,25.99,high,low,3,namesilo,,,
6bc1bf2d-6125-4c14-8e0b-7cfefce33dff,blueprint.moi,available,25.99,25.99,high,high,9,namesilo,,,29/09/2026 11:42
3154e767-cd7a-4b5f-bc7f-46579a0fe8d5,dosage.moi,available,25.99,25.99,high,low,6,namesilo,,,30/09/2026 17:03
a4763d7d-ed4d-47f8-982a-94157508c47e,veteran.moi,available,27,25.99,high,low,7,unstoppable,,,28/09/2026 10:15
c0ccb399-213e-400c-9b9f-55bb1b0f9044,citywide.moi,available,25.99,25.99,high,low,8,namesilo,,,12/08/2026 09:00
e1cfafaa-7cb6-47d5-9ca5-ba091f173971,fractious.moi,available,25.99,25.99,medium,low,9,namesilo,,,18/08/2026 13:53
067df0cc-cf82-4e74-9f7c-709a80dbf8d7,longlasting.moi,available,25.99,25.99,high,low,12,namesilo,,,
26cc4060-f224-4a2f-850e-3a9bb93ba5c0,nor.moi,available,25.99,25.99,high,low,3,namesilo,,,01/10/2026 00:50
02423b89-adc8-4608-bdf7-a9d38b5cd9f9,motown.moi,available,25.99,25.99,high,low,6,namesilo,,,29/09/2026 06:38
6d61e054-c68b-4fac-826c-c60d3230e773,jointed.moi,available,25.99,25.99,medium,low,7,namesilo,,,22/08/2026 13:44
5d9ebbfa-97ef-425d-ad27-c724ff059f51,neighbor.moi,available,25.99,25.99,high,low,8,namesilo,,,30/09/2026 05:34
d70ee420-201b-473f-be55-63cfbdadc2e0,shintoist.moi,available,25.99,25.99,high,medium,9,namesilo,,,10/09/2026 06:33
ef46da34-75f1-4245-a61b-e09a5905bffc,segovia.moi,available,25.99,25.99,medium,low,7,namesilo,,,19/09/2026 04:41
5c5e0f4b-3679-4974-a9ee-5391e8c814cd,rootless.moi,available,25.99,25.99,high,medium,8,namesilo,,,09/09/2026 18:36
0c70e413-103e-4060-875c-dfc0a724c79c,starters.moi,available,25.99,25.99,medium,low,8,namesilo,,,29/09/2026 05:59
439c1689-8f33-4bef-ad11-dc5c2fea4f76,geothermal.moi,available,25.99,25.99,high,low,10,namesilo,,,18/08/2026 22:39
725e9811-3b59-4118-9af7-bf23953f0fdd,connecting.moi,available,25.99,25.99,high,low,10,namesilo,,,28/09/2026 22:52
f773cd99-24e4-4be5-b1ad-f2dd92f19cdb,gripping.moi,available,25.99,25.99,high,low,8,namesilo,,,21/09/2026 15:05
0a32493a-61d4-45d9-b238-9317778459e8,jehovah.moi,available,25.99,25.99,high,low,7,namesilo,,,
44ee4782-7e34-499c-a2b9-ed534a8ac9f9,kahn.moi,available,25.99,25.99,high,low,4,namesilo,,,25/09/2026 23:22
a174262b-8bf5-43ae-bc08-35de83cdad6c,occasions.moi,available,25.99,25.99,high,low,9,namesilo,,,28/09/2026 14:59
3b99276d-66f2-47c2-b38b-11e08d5f0724,glacial.moi,available,25.99,25.99,medium,low,7,namesilo,,,18/08/2026 16:28
0a02478f-9e62-4173-838f-3295abbd4608,fainted.moi,available,25.99,25.99,low,low,7,namesilo,,,02/10/2026 03:03
336a1262-99a0-4c30-a815-4679116f0ffa,crates.moi,available,27,,low,low,6,unstoppable,,,01/10/2026 17:58
0d1b0e45-d16d-42fa-a500-6dc5e5955e36,afloat.moi,available,25.99,25.99,high,low,6,namesilo,,,01/10/2026 01:51
c2d9d520-d049-4953-9dc8-8afcf241a39f,herself.moi,available,25.99,25.99,high,low,7,namesilo,,,26/09/2026 03:24
69dd7c74-19c0-4f25-b9ad-b1cc2aecbfc7,pol.moi,available,17.5,21.11,high,low,3,porkbun,,,30/09/2026 18:22
ce9315c4-7a47-429b-8c27-648f62a755b9,arrowhead.moi,available,25.99,25.99,high,low,9,namesilo,,,20/09/2026 09:30
a4f9f419-8e8d-4de4-a282-739cb29c5449,joints.moi,available,25.99,25.99,high,low,6,namesilo,,,20/09/2026 03:38
1f2b6583-de1e-4c61-90ee-f54b29aefbae,industries.moi,available,25.99,25.99,medium,low,10,namesilo,,,30/09/2026 14:25
6b988056-92d8-42af-8e4e-971d65128204,lily.moi,premium,384,384,high,medium,4,namesilo,,,28/09/2026 02:17
3a03e04b-9d87-45e0-9972-fefbf932c9f9,neurosurgery.moi,available,25.99,25.99,high,low,12,namesilo,,,02/10/2026 02:09
9dfd5707-e3fd-4798-aa46-4902a33bb9fc,founding.moi,available,27,,high,low,8,unstoppable,,,29/09/2026 18:56
a412c8b3-164d-4457-bd51-ecaf2ef94bd1,quenched.moi,available,25.99,25.99,medium,low,8,namesilo,,,09/09/2026 08:25
9b712cc9-8c9a-423f-8cde-eb5c447995d2,ineffable.moi,available,25.99,25.99,high,low,9,namesilo,,,22/08/2026 02:45
787a25f5-68b1-4c40-ae74-930d46c59bc8,unflawed.moi,available,25.99,25.99,medium,low,8,namesilo,,,18/08/2026 07:21
4d0b1100-c353-4b8b-9f67-e6d53f0a7d35,nnw.moi,available,25.99,25.99,high,low,3,namesilo,,,15/09/2026 16:52
e9376c0a-b657-4c54-b1fc-16af671be485,chevalier.moi,available,25.99,25.99,high,low,9,namesilo,,,11/08/2026 22:49
2b8bf377-69b1-414c-ac22-c675492d8b9d,guttural.moi,available,25.99,25.99,medium,low,8,namesilo,,,13/08/2026 07:31
d638491c-fbc9-4ef7-b08f-ae1467c3ec57,fairly.moi,available,25.99,25.99,high,low,6,namesilo,,,24/09/2026 16:08
f6027fd9-eb19-4bf8-be99-2474960d2597,bergen.moi,available,25.99,25.99,high,low,6,namesilo,,,23/09/2026 09:19
32f6d73d-d235-4634-ab34-16e6d9f12a7f,tussle.moi,available,,,high,medium,6,,,,09/09/2026 18:55
02945517-6366-497a-abfa-c8488a76d528,hockey.moi,available,25.99,25.99,high,low,6,namesilo,,,25/09/2026 22:46
c6f8e065-885f-47cb-adb8-14780e21e495,mystifying.moi,available,25.99,25.99,medium,low,10,namesilo,,,13/08/2026 09:39
cc556cfc-618a-4f01-9293-1a913ce93590,destiny.moi,available,25.99,25.99,high,low,7,namesilo,,,29/09/2026 09:18
5550173b-d9b2-4594-a2c5-1ca6fd60f395,calla.moi,available,25.99,25.99,high,low,5,namesilo,,,20/09/2026 12:12
0075fa87-fadf-4245-bc33-6ba5b9f1e50d,quantities.moi,available,25.99,25.99,medium,low,10,namesilo,,,
76e65b2c-1980-4e8e-ad32-97603436ea5e,fortuitous.moi,available,25.99,25.99,high,low,10,namesilo,,,18/08/2026 12:43
9bf392de-ec9b-4058-84d4-fb0c75f6cd2a,carnage.moi,available,25.99,25.99,medium,low,7,namesilo,,,02/10/2026 04:17
c73e1847-1a47-4c62-91df-2c77fceaa4db,mingle.moi,available,25.99,25.99,high,low,6,namesilo,,,22/09/2026 03:11
299d5655-16df-492b-ab0a-181e899d46e0,alaskan.moi,available,25.99,25.99,high,low,7,namesilo,,,
3f264a65-834b-4ad4-ab54-ff7745383c5f,zoftig.moi,available,25.99,25.99,medium,low,6,namesilo,,,13/09/2026 14:58
5411a77f-121e-444b-9650-6d30b511b6be,unlikable.moi,available,25.99,25.99,medium,low,9,namesilo,,,12/09/2026 00:58
8fcf5bfd-900a-46b3-93ed-4e8131324cc9,kindness.moi,available,27,25.99,high,low,8,unstoppable,,,29/09/2026 19:54
2e98564f-77db-4ecb-8436-e7feba6157c1,today.moi,available,25.99,25.99,high,low,5,namesilo,,,28/09/2026 22:29
ba4711b8-6d79-452c-8521-403f5ef57953,plaque.moi,available,27,,high,low,6,unstoppable,,,29/09/2026 01:38
8e1acb16-b70d-4c3a-8e3c-860d998f6f33,addled.moi,available,25.99,25.99,medium,low,6,namesilo,,,
cb739119-69a3-4de4-848b-c0d28c75370e,factories.moi,available,25.99,25.99,medium,low,9,namesilo,,,20/09/2026 05:09
cf369b8c-c66f-4e85-9f62-c0dc927e58bf,subsidized.moi,available,25.99,25.99,medium,low,10,namesilo,,,11/09/2026 00:46
71761820-a77e-494b-98d6-54bbb8ed06b2,drought.moi,available,25.99,25.99,medium,low,7,namesilo,,,29/09/2026 12:05
70da01a2-6a97-4851-8d28-d86f45d051ef,habitue.moi,available,25.99,25.99,high,medium,7,namesilo,,,09/09/2026 13:03
06f49d5a-1fae-431c-9d47-b4338050276a,scallops.moi,available,25.99,25.99,medium,low,8,namesilo,,,19/09/2026 23:48
d19ebe54-935f-4d33-85f1-776277118a81,astute.moi,available,25.99,25.99,high,low,6,namesilo,,,22/09/2026 10:35
755fb4a2-1fe6-48ab-b45c-810d688abbf8,campfire.moi,available,25.99,25.99,high,low,8,namesilo,,,24/09/2026 11:54
29212d69-393a-4beb-9306-96e33f790980,gst.moi,available,25.99,25.99,medium,low,3,namesilo,,,30/09/2026 23:01
bd1d9a99-3a7e-4868-818f-010cab176a59,nonrandom.moi,available,,,medium,low,9,,,,03/09/2026 20:26
47d51dc0-472c-41d9-b8aa-30e0627b05c8,yorkshire.moi,available,17.5,21.11,high,low,9,porkbun,,,30/09/2026 03:11
5c127dab-ea96-414f-8068-f93cdfa7dac9,educator.moi,available,17.5,21.11,high,low,8,porkbun,,,30/09/2026 09:30
3f9ef94d-dd8c-48e7-8811-ddef4c28dfc8,concern.moi,available,25.99,25.99,high,low,7,namesilo,,,29/09/2026 05:30
6e0a88fb-e369-4bcc-af39-f89cdcaf06c4,stroller.moi,available,25.99,25.99,high,low,8,namesilo,,,18/09/2026 17:04
67fc620e-96e7-4b7a-9d6f-2496b4094bc9,damon.moi,available,17.5,21.11,medium,low,5,porkbun,,,28/09/2026 18:52
5339018e-c535-4bb9-a684-95a1bec7cb1f,swanky.moi,available,25.99,25.99,high,low,6,namesilo,,,11/09/2026 05:15
0bf6f27e-8a12-4702-bf64-80284e39a61c,porch.moi,available,25.99,25.99,high,low,5,namesilo,,,27/09/2026 15:20
578fb851-15b1-4b19-96f7-e6724cd40939,geared.moi,available,39.99,39.99,high,low,6,name.com,,,18/08/2026 20:59
683f4aae-dfce-47de-9b62-e392137832c4,bfa.moi,available,27,,high,low,3,unstoppable,,,01/10/2026 06:12
682acb42-1c28-4dbd-b34f-defa6a9b3fb4,adorno.moi,available,27,,medium,low,6,unstoppable,,,01/10/2026 06:08
8fe1e690-e5d0-4027-ad39-c4ab6e009fb6,admiralty.moi,available,25.99,25.99,medium,low,9,namesilo,,,17/09/2026 08:53
d4ef6417-1e7b-4d34-96cb-aa1486a75655,clash.moi,available,27,25.99,high,low,5,unstoppable,,,29/09/2026 09:50
74d856bb-a078-4e5e-9f43-c1b921abae6f,laps.moi,available,27,,medium,low,4,unstoppable,,,29/09/2026 05:29
02680090-6b66-4783-8853-65e452836e20,spoiled.moi,available,25.99,25.99,medium,low,7,namesilo,,,10/09/2026 16:20
2794452e-3a5d-4930-a6db-dfc063ee5b9e,suborbital.moi,available,25.99,25.99,medium,low,10,namesilo,,,11/09/2026 00:34
6df9ac3c-f8a1-4908-9ae6-77724ad914bb,unsheared.moi,available,25.99,25.99,low,low,9,namesilo,,,12/09/2026 19:44
82388d7f-1c0a-4f6a-9f68-40374ea11b2d,buggy.moi,available,25.99,25.99,high,low,5,namesilo,,,22/09/2026 08:13
052df36e-68de-439b-aa00-85dcc7669a31,freedom.moi,available,27,25.99,high,medium,7,unstoppable,,,29/09/2026 18:30
c119f933-53d3-4143-a4c5-cbea04053ca2,arrivals.moi,available,25.99,25.99,medium,low,8,namesilo,,,21/09/2026 01:02
2068ac50-5f61-4eab-ad34-bc3866705554,statewide.moi,available,,,high,low,9,,,,10/09/2026 19:10
adeb2f59-b8fe-478a-b1b1-a7083b18afc5,aucuba.moi,available,25.99,25.99,medium,low,6,namesilo,,,21/09/2026 02:47
6ba50684-e07e-403a-abb1-83e536f7f260,cockpit.moi,available,25.99,25.99,high,low,7,namesilo,,,29/09/2026 10:12
d92c1b04-0488-4e46-a970-80db908e845f,dominican.moi,available,25.99,25.99,high,low,9,namesilo,,,14/08/2026 15:44
e53a02ce-a11b-42af-922e-6092a5eb7e8d,managed.moi,available,25.99,25.99,high,low,7,namesilo,,,01/10/2026 02:50
2783ce85-1bb4-4bce-84d2-c20912159efd,reserved.moi,available,25.99,25.99,high,low,8,namesilo,,,09/09/2026 14:50
9028bc0b-3896-4b72-a0b0-eff97fddf7d3,evermore.moi,available,25.99,25.99,high,low,8,namesilo,,,14/09/2026 16:19
8ddbfa53-c620-4de2-a54c-e07f75fc59e0,apodictic.moi,available,25.99,25.99,medium,low,9,namesilo,,,06/08/2026 01:27
c274d015-e628-41ce-8cd4-a71a84244ab6,keyrings.moi,available,25.99,25.99,medium,low,8,namesilo,,,20/09/2026 12:08
3711e732-6420-49dd-a64e-8916ce8e15ae,darken.moi,available,17.5,21.11,high,low,6,porkbun,,,30/09/2026 18:19
bf894829-0609-43b1-8d93-da8b08369016,mindless.moi,available,25.99,25.99,medium,low,8,namesilo,,,07/08/2026 02:48
5dfaf36c-5127-4276-9313-959043dabb18,temper.moi,available,25.99,25.99,high,low,6,namesilo,,,27/09/2026 04:28
c47078df-d759-4b43-85a5-dddf9c1fc835,essene.moi,available,25.99,25.99,medium,low,6,namesilo,,,17/08/2026 13:19
f7cf92f4-c5ff-409e-89a8-142433066fea,betrayed.moi,available,25.99,25.99,medium,low,8,namesilo,,,26/09/2026 03:08
8132238d-b131-4b67-8245-94d8f50ca900,cheaper.moi,available,25.99,25.99,medium,low,7,namesilo,,,28/09/2026 08:27
1b4dcbb0-6dd4-473d-bade-818213e106c6,anoxia.moi,available,25.99,25.99,medium,low,6,namesilo,,,19/09/2026 11:58
9c317285-9085-4160-985d-491cbf342365,ebony.moi,available,25.99,25.99,high,low,5,namesilo,,,14/08/2026 23:09
e103bf80-42b9-409c-98a2-cd41dd584161,regulate.moi,available,25.99,25.99,high,low,8,namesilo,,,30/09/2026 11:03
a4d0314e-1786-448e-ac01-c4c614a39605,coolly.moi,available,25.99,25.99,medium,low,6,namesilo,,,28/09/2026 14:20
34e08c9f-f756-4f69-a449-b99b8318b497,oceans.moi,available,25.99,25.99,high,low,6,namesilo,,,18/09/2026 06:58
51900705-2e2e-4aaf-87be-ac69ac208152,deceiver.moi,available,25.99,25.99,medium,low,8,namesilo,,,23/09/2026 02:29
cebf4dba-2ca0-43bb-9fe1-dc577c17766b,unholy.moi,available,25.99,25.99,medium,low,6,namesilo,,,14/08/2026 01:33
ffe25011-1f2c-481d-b32e-802051bd9864,flakey.moi,available,39.99,39.99,medium,low,6,name.com,,,10/08/2026 10:22
464b8c73-baa8-4a58-b194-331db477a9b9,shielded.moi,available,25.99,25.99,high,medium,8,namesilo,,,10/09/2026 06:27
583b6c36-3366-4533-9404-d28839e161a5,xxxvii.moi,available,25.99,25.99,medium,low,6,namesilo,,,
ca547d4e-e878-4617-ba19-28b3636589ad,exchangeable.moi,available,27,,high,low,12,unstoppable,,,01/10/2026 23:07
fd00f3a2-b681-404c-98b0-96838e47f189,herodotus.moi,available,25.99,25.99,medium,low,9,namesilo,,,28/09/2026 10:02
f92f2673-1708-444c-9971-8fbd33e6d60a,comes.moi,available,25.99,25.99,high,low,5,namesilo,,,17/09/2026 22:46
7fb8de8c-6378-4d35-b093-70a670177f68,punches.moi,available,25.99,25.99,low,low,7,namesilo,,,29/09/2026 05:46
311aa461-a1b0-4ec2-a603-d1dbb3b503e0,soulless.moi,available,25.99,25.99,high,medium,8,namesilo,,,10/09/2026 14:43
0800025b-1f5e-4276-a8e4-593867b27bcf,almighty.moi,available,25.99,25.99,high,low,8,namesilo,,,
2685f953-b59e-4149-b9aa-e55a2a73036c,massive.moi,available,25.99,25.99,high,low,7,namesilo,,,25/09/2026 17:08
b532bf59-bd18-41fd-b865-a0adc8a2f48c,operant.moi,available,25.99,25.99,high,low,7,namesilo,,,04/09/2026 16:22
2e17f15b-ff25-44c0-9360-e2a7b9d45f0b,paraguayan.moi,available,25.99,25.99,high,low,10,namesilo,,,08/09/2026 00:55
386b0bb5-def7-44df-8475-b682b5288552,sulfuric.moi,available,25.99,25.99,medium,low,8,namesilo,,,11/09/2026 01:29
9cbfd013-578d-4e5b-a867-699037aa9ca0,studious.moi,available,39.99,39.99,high,low,8,name.com,,,10/08/2026 19:10
304a3cbd-d383-4ffb-aa4c-9ee47e22b8d1,indian.moi,available,25.99,25.99,high,low,6,namesilo,,,22/09/2026 04:13
088b570b-e218-44dc-bb4f-e7364de9c343,normative.moi,available,39.99,39.99,medium,low,9,name.com,,,03/09/2026 21:19
d2c61afc-bdf2-4338-96c6-4133f1148627,freeing.moi,available,25.99,25.99,high,low,7,namesilo,,,30/09/2026 17:23
e0eed201-8e02-466b-91bd-a7d2cca900c3,svp.moi,available,25.99,25.99,high,low,3,namesilo,,,30/09/2026 12:33
c4c66efe-07c3-4190-a0cb-3bc3c935a57e,overhead.moi,available,25.99,25.99,high,low,8,namesilo,,,26/09/2026 03:30
e6b78542-42de-434d-a2c5-62d4e5111d80,bagnio.moi,available,,,medium,low,6,,,,21/09/2026 18:19
bcd655a8-f0a6-4062-9e67-637a2fc483a9,father.moi,premium,640,640,high,low,6,namesilo,,,29/09/2026 02:01
587f8fcf-af57-4aa0-bcd6-c3d7efeee4b9,xlviii.moi,available,25.99,25.99,medium,low,6,namesilo,,,
b96a7224-a16a-4f11-b296-858ed3f118c9,bahasa.moi,available,25.99,25.99,medium,low,6,namesilo,,,21/09/2026 18:41
dc204752-bfbd-4135-82d6-0439dd73ff90,diary.moi,available,25.99,25.99,high,low,5,namesilo,,,24/09/2026 22:13
32f587b8-61cc-4edf-bb13-dbe5d4e4ba41,trump.moi,available,39.99,39.99,high,medium,5,name.com,,,09/08/2026 17:49
d32594b5-4d2a-4c5f-a6ad-b5bc927749c5,pianistic.moi,available,,,high,medium,9,,,,08/09/2026 19:28
e7325db2-3be7-4dd1-9c59-2504550b5846,abysmal.moi,available,25.99,25.99,medium,low,7,namesilo,,,
a52f121f-1569-481a-8191-f27c4a357ea1,essentially.moi,available,17.5,21.11,medium,low,11,porkbun,,,28/09/2026 07:07
e638eb62-8fe3-4163-ae64-411f4b24ddeb,projective.moi,available,27,,high,low,10,unstoppable,,,30/09/2026 03:59
232b073e-b6ae-41ec-bffd-0cdca09bb6ba,apogean.moi,available,25.99,25.99,medium,low,7,namesilo,,,06/08/2026 01:57
ec29adb3-c8a6-4a15-a287-6010480caabe,peterson.moi,available,25.99,25.99,high,low,8,namesilo,,,25/09/2026 17:40
cb41ae19-ba1a-4281-8afc-d9c2e06c7bb5,apophthegm.moi,available,25.99,25.99,medium,low,10,namesilo,,,19/09/2026 17:11
cbdd98e4-5429-432a-9854-d85d73ae0927,grassy.moi,available,39.99,39.99,high,low,6,name.com,,,20/08/2026 18:20
d1e4a335-7b6e-45ed-ab12-4d1ea54962ee,nepali.moi,available,25.99,25.99,high,low,6,namesilo,,,03/09/2026 15:37
aa515746-3fd9-463c-b388-b47ecb4283a7,terrifies.moi,available,25.99,25.99,low,low,9,namesilo,,,18/09/2026 07:37
aa4f81a1-2df3-487c-b078-b9c2d2c93339,treble.moi,available,25.99,25.99,high,low,6,namesilo,,,14/08/2026 16:41
3efc7f96-a7c2-4162-bcf4-a06e09b7ef98,superiority.moi,available,25.99,25.99,high,low,11,namesilo,,,29/09/2026 16:23
41caf198-c79f-4cf9-b96e-f83cc43293e6,molal.moi,available,25.99,25.99,medium,low,5,namesilo,,,25/08/2026 03:31
48505dfd-4a87-4037-b6db-a55a32411a09,wallis.moi,available,25.99,25.99,medium,low,6,namesilo,,,27/09/2026 07:14
506e8c4c-b1ba-4b8c-93e0-c84801211a2a,uboat.moi,available,25.99,25.99,medium,low,6,namesilo,,,11/09/2026 00:23
c60bd5ee-9df5-4084-968f-a5d1a0a8a76f,retribution.moi,available,27,,medium,low,11,unstoppable,,,30/09/2026 05:59
93ccac4f-9ab3-46b7-8165-196849c6a599,seraphical.moi,available,25.99,25.99,medium,low,10,namesilo,,,10/09/2026 04:31
777a8a45-5133-4da8-80b4-6c3a1be84155,rapid.moi,available,25.99,25.99,high,low,5,namesilo,,,19/09/2026 15:13
3d2954be-ea3a-4220-a607-0362b3c87d64,ancylus.moi,available,25.99,25.99,medium,low,7,namesilo,,,19/09/2026 03:54
20079937-94b3-4048-b599-75a5d5be716c,pavement.moi,available,27,,high,low,8,unstoppable,,,29/09/2026 07:50
d0530cee-2b81-4b7a-9a8a-31e3c1826c25,giovanni.moi,premium,242,242,high,low,8,namesilo,,,25/09/2026 14:42
c65af379-7712-498a-80da-efa552bbf901,nose.moi,available,27,25.99,high,low,4,unstoppable,,,30/09/2026 05:52
01accd24-5fef-422a-b522-9310419d48ee,trunks.moi,available,27,,medium,low,6,unstoppable,,,28/09/2026 20:26
2e7595e7-6e3a-4598-b4e0-3fd474196fda,frayed.moi,available,25.99,25.99,medium,low,6,namesilo,,,18/08/2026 14:25
65edb3cc-552f-49fe-982d-b118ca2c5705,annelid.moi,available,25.99,25.99,medium,low,7,namesilo,,,
2a298592-ae5d-4f8e-aafe-62a906ee31f5,fearfully.moi,available,,,medium,low,9,,,,14/09/2026 18:04
da266dfa-02c5-4212-ad55-20e21db0a2e1,hoist.moi,available,17.5,21.11,high,low,5,porkbun,,,30/09/2026 01:53
d9aa7164-8ccd-4812-81d8-82769770ef22,vacuum.moi,available,27,25.99,high,low,6,unstoppable,,,29/09/2026 23:00
c5bee566-b753-4489-bf5d-4ee0f40352a8,crusade.moi,available,25.99,25.99,medium,low,7,namesilo,,,28/09/2026 09:29
d05a2694-1694-47fb-9805-9f5c86e6b980,hmm.moi,available,27,,high,low,3,unstoppable,,,01/10/2026 04:54
e2557a2a-70ec-4d83-9550-ccd3f7745d15,chiapas.moi,available,27,,medium,low,7,unstoppable,,,29/09/2026 04:08
cb95f1a5-c239-45ba-824d-dfb3f034e836,kiev.moi,available,25.99,25.99,high,low,4,namesilo,,,29/09/2026 07:09
f204cb22-4d0a-4720-8552-5e80fc1c392f,sticky.moi,available,25.99,25.99,high,low,6,namesilo,,,16/08/2026 07:55
76f86096-e1f8-4279-b5e1-0eadd6b16876,feasibly.moi,available,,,medium,low,8,,,,14/09/2026 18:08
ee6bad15-5819-4a8d-b45a-e453cdac1949,balancing.moi,available,,,high,low,9,,,,21/09/2026 20:56
8dc274f2-3ee1-42c2-988f-03d18cc5ce4c,northward.moi,available,,,high,low,9,,,,03/09/2026 21:27
707c830f-c472-4a10-b418-c4516c4f8cf7,manchester.moi,available,27,,high,low,10,unstoppable,,,28/09/2026 19:49
271b0880-9110-4a5a-94d1-10442ed504b1,guile.moi,available,25.99,25.99,medium,low,5,namesilo,,,13/08/2026 10:41
02dd874b-cff5-4c14-89e0-7a3068dade5f,launching.moi,available,17.5,21.11,high,low,9,porkbun,,,29/09/2026 00:37
8ca9bfc0-ace5-43fb-9ac4-e9c37c8ea694,recounting.moi,available,25.99,25.99,high,low,10,namesilo,,,11/09/2026 10:26
b1f1f515-7a43-4c19-83f5-9e5f89d041ce,gardening.moi,available,25.99,25.99,high,low,9,namesilo,,,28/09/2026 14:15
316b8cf1-3cf6-40aa-a058-3bd9cabf44db,discs.moi,available,25.99,25.99,medium,low,5,namesilo,,,30/09/2026 23:56
95c4b53d-f929-46b3-a5a7-8d923239a1e6,uniate.moi,available,25.99,25.99,medium,low,6,namesilo,,,12/09/2026 12:42
5401168b-dde3-4210-b9e0-19400d720b42,stubbs.moi,available,27,,medium,low,6,unstoppable,,,28/09/2026 20:34
78c50725-9bf9-4cef-a9c4-a850abbb7aa1,ivor.moi,available,27,,high,low,4,unstoppable,,,29/09/2026 22:08
4a278550-7321-48ad-ba2d-b932d8b6718d,underserved.moi,available,27,,high,low,11,unstoppable,,,30/09/2026 03:54
f107da7d-0537-4d1b-8b67-a1d8c983ee2e,smashed.moi,available,25.99,25.99,medium,low,7,namesilo,,,09/08/2026 15:50
31e38da9-3da7-4905-8bd8-7160c8e16773,goddam.moi,available,25.99,25.99,medium,low,6,namesilo,,,10/08/2026 12:44
aa29b44a-578d-44b5-ada3-6362de71917b,iridescent.moi,available,25.99,25.99,high,low,10,namesilo,,,12/08/2026 03:15
23f045a7-b185-4768-8283-271ba37197a0,kraus.moi,available,25.99,25.99,medium,low,5,namesilo,,,29/09/2026 03:34
01b96ec4-d6ee-4648-85bf-7c62a20da6d9,honolulu.moi,available,25.99,25.99,medium,low,8,namesilo,,,29/09/2026 00:20
3a0b7f01-d06c-4fc9-bf35-54c6eb4a0e2a,sustaining.moi,available,27,,high,low,10,unstoppable,,,01/10/2026 23:00
346b5561-7f7f-4473-a770-a0b625a6bf01,deerfield.moi,available,17.5,21.11,high,low,9,porkbun,,,29/09/2026 10:06
0a58f198-45d9-4c4b-8a5f-d2144d2376b0,proven.moi,available,25.99,25.99,high,low,6,namesilo,,,27/09/2026 08:25
46d7668a-040b-4e42-87f6-b9367f1fa0a5,bill.moi,available,25.99,25.99,high,low,4,namesilo,,,19/09/2026 17:00
9cdcc88b-802b-4728-aeca-3312a1a1f2f4,guggenheim.moi,available,25.99,25.99,high,low,10,namesilo,,,27/09/2026 04:18
6febe377-986c-429d-833e-d3f953c3e111,infant.moi,available,27,25.99,high,low,6,unstoppable,,,29/09/2026 00:05
f126efc0-1d1c-4bf9-b5ac-59634aa729a7,disappear.moi,available,25.99,25.99,high,low,9,namesilo,,,27/09/2026 05:58
61f91c92-f94f-4f88-8a71-d584f278b824,bizarre.moi,available,25.99,25.99,high,low,7,namesilo,,,22/09/2026 21:11
16cac727-a19d-49a3-9940-29036d76f8a6,perturbed.moi,available,25.99,25.99,medium,low,9,namesilo,,,18/08/2026 09:31
b6f38a27-f1b0-4e1c-a511-9b07cd767931,oakland.moi,available,25.99,25.99,high,low,7,namesilo,,,30/09/2026 05:55
1d56799e-d5a8-478a-a0f5-ba61ad86ad04,crucial.moi,available,25.99,25.99,high,low,7,namesilo,,,22/09/2026 00:39
bd770c22-c2d4-4a44-aa80-df15506a5917,saviour.moi,available,25.99,25.99,high,low,7,namesilo,,,24/09/2026 14:50
e62894f7-f3f0-4814-afcd-1e606b24cb1c,dampen.moi,available,39.99,39.99,medium,low,6,name.com,,,13/08/2026 16:53
c4463bef-62e3-47ba-a632-fecf45e9e02b,federated.moi,available,25.99,25.99,high,low,9,namesilo,,,18/08/2026 00:38
8cfab24e-ae12-4d34-a18c-ffbba1b309b0,restoring.moi,available,25.99,25.99,medium,low,9,namesilo,,,30/09/2026 15:39
0361551a-88a2-4088-b043-319f0e8749d6,stored.moi,available,27,,low,low,6,unstoppable,,,28/09/2026 17:31
7a5984bd-60ef-445b-a9cf-b94d3dc62dd9,postural.moi,available,25.99,25.99,medium,low,8,namesilo,,,09/09/2026 00:40
b98832cc-e388-4d06-8b73-261b8c84d2a3,delineated.moi,available,25.99,25.99,medium,low,10,namesilo,,,14/08/2026 00:37
fde41b61-0a46-4124-b670-0a0faa343ead,coat.moi,available,17.5,21.11,high,low,4,porkbun,,,29/09/2026 05:46
dceed455-34c3-4c78-99de-932fffbbd6d4,tyrol.moi,available,17.5,21.11,medium,low,5,porkbun,,,28/09/2026 20:40
b49942f1-590a-47a2-90de-802dfa34ff72,loved.moi,available,25.99,25.99,high,low,5,namesilo,,,25/09/2026 14:27
058d9c24-7945-477a-b9c3-5dc0f074b0d1,cannabis.moi,available,25.99,25.99,high,medium,8,namesilo,,,29/09/2026 06:36
313403e1-05ae-495e-8fc1-bc4036c30be3,nimble.moi,available,25.99,25.99,high,low,6,namesilo,,,21/09/2026 23:05
330264e3-ef89-4fa8-ad1f-79aaa87a991f,appl.moi,available,25.99,25.99,high,low,4,namesilo,,,29/09/2026 21:44
866216d6-6780-42b8-800c-d7338059f02f,ruggles.moi,available,25.99,25.99,medium,low,7,namesilo,,,01/10/2026 10:32
efb11d54-e9ff-4ced-8e4d-4d31c78ef2e6,cma.moi,available,25.99,25.99,high,medium,3,namesilo,,,29/09/2026 15:35
030be065-d0c2-45c2-be55-01f63c1660bf,hawkins.moi,available,25.99,25.99,medium,low,7,namesilo,,,28/09/2026 09:24
33ed424d-aa8f-4c18-bbf2-84cca718a272,bairn.moi,available,,,medium,low,5,,,,21/09/2026 19:31
d33818b7-a95c-4b68-b18f-1479ccd1db96,verdict.moi,available,25.99,25.99,high,low,7,namesilo,,,27/09/2026 03:56
9ca0d43c-a77a-4219-9a9f-5c9dea413c0f,arp.moi,available,25.99,25.99,high,low,3,namesilo,,,20/09/2026 08:35
fbfb4108-c90b-4761-9871-c7bbc49f4234,sellable.moi,available,39.99,39.99,high,low,8,name.com,,,24/08/2026 20:28
ea1d8930-c8f8-4ba3-815a-725fe3e17c2c,obese.moi,available,25.99,25.99,high,low,5,namesilo,,,23/09/2026 23:32
0da0a0c3-1e17-4f06-90de-ef9074230a65,blaming.moi,available,27,,medium,low,7,unstoppable,,,28/09/2026 18:00
be7f6437-b012-49e9-95a8-ce6377ad645a,dowding.moi,available,25.99,25.99,medium,low,7,namesilo,,,14/08/2026 17:10
4f619f50-6bce-497b-a57d-14e4aac15f7f,negroid.moi,available,25.99,25.99,medium,low,7,namesilo,,,03/09/2026 15:14
e40efb71-71db-4662-912a-a36f6ce361a1,lively.moi,available,25.99,25.99,high,medium,6,namesilo,,,23/09/2026 01:27
e1c6ba81-98ae-472c-9ba6-b8a0a1d674bd,montauk.moi,available,27,,medium,low,7,unstoppable,,,01/10/2026 11:07
491c8935-438c-4723-a2dd-46df3f2bf66d,oppose.moi,available,25.99,25.99,high,low,6,namesilo,,,30/09/2026 06:45
4f5af638-9d5e-464b-8f4f-98ff3e364c18,zirconium.moi,available,25.99,25.99,medium,low,9,namesilo,,,20/09/2026 23:04
3f3ae7f5-4de7-4c5b-a4f1-f3cccc7bb538,financially.moi,available,25.99,25.99,medium,low,11,namesilo,,,28/09/2026 12:33
e0a244f9-30f2-4ca3-9c0d-e83ef4d93feb,optics.moi,available,27,,high,low,6,unstoppable,,,30/09/2026 10:39
15a85c95-6427-4f2d-9476-6d4451586fa8,supportive.moi,available,25.99,25.99,high,low,10,namesilo,,,28/09/2026 02:03
5dbf3582-d2a0-4d4b-909c-7646bbd42986,outstanding.moi,available,25.99,25.99,high,low,11,namesilo,,,27/09/2026 06:10
5100df2e-6cb6-4dc9-9ce4-29bfd2582ce5,lining.moi,available,27,,high,low,6,unstoppable,,,28/09/2026 06:11
c7264596-6733-48cf-b3c2-0b43857251bd,kyrgyz.moi,available,25.99,25.99,high,low,6,namesilo,,,30/09/2026 12:53
585cb3f2-88c1-4a07-a8b0-b1deb73bb7ca,reggie.moi,available,25.99,25.99,high,low,6,namesilo,,,28/09/2026 07:45
4d03821c-07dc-4926-891e-2318ef01e2e3,shrugs.moi,available,25.99,25.99,medium,low,6,namesilo,,,20/09/2026 12:14
eb540d40-66d2-4593-9d48-1bdfc2fcf2a0,yearlong.moi,available,25.99,25.99,medium,low,8,namesilo,,,13/09/2026 14:24
d1d16689-2bca-4836-b2ad-0351cf42e605,jody.moi,available,27,,high,low,4,unstoppable,,,01/10/2026 22:41
ccbe190a-232d-4a98-818a-cb69ab6c7514,hitless.moi,available,25.99,25.99,medium,low,7,namesilo,,,20/08/2026 15:56
7fafe130-73ad-46ea-9a8d-cbab9f03fcbd,attachments.moi,available,25.99,25.99,high,low,11,namesilo,,,21/09/2026 01:43
7660a1c3-eb55-4fca-977a-e7f3b99b902c,providence.moi,available,25.99,25.99,high,low,10,namesilo,,,29/09/2026 06:49
e12a6dc4-37ec-4e1f-9405-3f23c74ed3ef,sparkles.moi,available,39.99,,high,low,8,name.com,,,20/09/2026 19:19
00f2925e-f9dc-47d0-85ec-c7d69bf43464,overleaf.moi,available,25.99,25.99,medium,low,8,namesilo,,,15/09/2026 18:27
b2bfe03c-47a4-40ab-8593-d1f62e9fa070,protagonist.moi,available,27,,high,low,11,unstoppable,,,01/10/2026 22:20
b4edf4e2-c6eb-4647-a878-90b3a14a4696,guanajuato.moi,available,21.11,21.11,high,low,10,porkbun,,,01/10/2026 09:14
633cff51-fe44-4181-b468-f7c528535981,mikey.moi,available,25.99,25.99,high,low,5,namesilo,,,
89e2ea53-efc4-4d9a-bbaf-81378dc1fe8b,await.moi,available,25.99,25.99,high,low,5,namesilo,,,30/09/2026 15:31
9c0173ad-2f16-4ad8-9ac7-8f2a52657847,paroxysmal.moi,available,25.99,25.99,medium,low,10,namesilo,,,08/09/2026 01:54
9d9dc57a-8a2e-4233-a2cd-8fee2c05cd7f,silas.moi,available,17.5,21.11,high,low,5,porkbun,,,27/09/2026 19:41
c9132917-b646-4bc6-9098-eb5f87bf57ef,jab.moi,available,27,,high,low,3,unstoppable,,,01/10/2026 20:07
b759b4dd-db8c-44e7-8077-0f3b56db9646,farragut.moi,available,25.99,25.99,high,low,8,namesilo,,,30/09/2026 16:57
869a0af3-a6f5-488e-9cad-92227f0d5ddf,curiously.moi,available,17.5,21.11,medium,low,9,porkbun,,,28/09/2026 14:28
66907370-9ac8-43b3-857c-ca2bee2b1146,escalator.moi,available,25.99,25.99,high,low,9,namesilo,,,02/10/2026 04:44
ceb85d15-a2e7-42a3-990e-4762b0cd914b,roundel.moi,available,25.99,25.99,medium,low,7,namesilo,,,19/09/2026 11:05
6da0e375-f000-431d-bf07-cd03f7f716ec,pamphlet.moi,available,25.99,25.99,high,low,8,namesilo,,,24/09/2026 07:11
d19579c9-fbf1-42d4-a8e7-a68d018c50ec,macbook.moi,available,21.11,21.11,high,high,7,porkbun,,,02/10/2026 02:30
c46451e1-ac9c-477d-ac7e-66751f79e51c,signs.moi,available,25.99,25.99,high,low,5,namesilo,,,17/09/2026 04:39
5ac691dd-15a0-4c25-b068-03f7690e8ee3,jameson.moi,available,25.99,25.99,high,medium,7,namesilo,,,30/09/2026 04:46
88001d50-2767-4500-80c9-d78437a6e6cb,toothless.moi,available,25.99,25.99,medium,low,9,namesilo,,,11/09/2026 17:15
5e1eae02-9507-4c47-b2d9-1151ae71c23d,uncarved.moi,available,25.99,25.99,medium,low,8,namesilo,,,12/09/2026 04:48
152f9049-6d09-43ab-85ab-e5a702d578cb,sexes.moi,available,27,,medium,low,5,unstoppable,,,01/10/2026 15:53
34a08909-3c8f-4710-b970-d51001500e9a,decisions.moi,available,,,medium,low,9,,,,25/09/2026 21:16
9ade1ea5-38e5-4054-885d-300f894edaf7,bentham.moi,available,25.99,25.99,medium,low,7,namesilo,,,23/09/2026 08:40
df67140e-8d14-44be-affc-ffdf6e7efce0,wideband.moi,available,25.99,25.99,high,low,8,namesilo,,,13/09/2026 11:50
dee36b66-c36d-40a1-a6fe-bdbb2c9ca783,aisle.moi,available,25.99,25.99,high,low,5,namesilo,,,17/09/2026 23:28
67eaad17-73f6-41bc-9591-733c7aec43f4,fiscal.moi,available,25.99,25.99,high,low,6,namesilo,,,19/09/2026 10:22
9129a908-8cd2-41f6-8d35-acf707cd1c29,ensign.moi,available,25.99,25.99,high,low,6,namesilo,,,30/09/2026 17:11
29c9247c-cdac-4d9e-9a71-57642eae2725,leopard.moi,available,27,,high,low,7,unstoppable,,,28/09/2026 06:09
518428db-9571-4e76-ad70-e1baaa8aca59,skilled.moi,available,25.99,25.99,high,low,7,namesilo,,,27/09/2026 22:20
944587f1-898b-4d09-a4cb-bf48d74ff4b0,hazel.moi,available,25.99,25.99,high,low,5,namesilo,,,21/08/2026 01:45
045101e7-1425-433b-8bd0-652c9ec2d309,crompton.moi,available,25.99,25.99,high,low,8,namesilo,,,01/10/2026 07:29
524542d9-099c-4278-8470-cd58f3c319dc,knives.moi,available,27,,medium,low,6,unstoppable,,,28/09/2026 05:00
abc49fee-a355-4a1b-91f6-d051ea21d263,formation.moi,available,17.5,21.11,high,low,9,porkbun,,,28/09/2026 05:38
145d7a1e-c2d8-4b99-8e3c-b4e5ab88bf99,zeus.moi,available,17.5,21.11,high,medium,4,porkbun,,,28/09/2026 01:59
641ea6a6-38d9-4c8f-8d76-0f79b1b4abda,sweet.moi,available,27,25.99,high,low,5,unstoppable,,,30/09/2026 21:35
5e6bc372-de37-4b3f-a4b3-edb1e80a1ed6,sweater.moi,available,25.99,25.99,high,low,7,namesilo,,,28/09/2026 06:35
7b4cf8da-d6dd-4e5a-b7ee-cf218c03d032,bagley.moi,available,25.99,25.99,medium,low,6,namesilo,,,29/09/2026 22:22
e11a5683-02af-4440-89d6-6b37312b45d2,future.moi,available,25.99,25.99,high,medium,6,namesilo,,,24/09/2026 22:10
f94beb87-39c6-4f1c-b76d-ae9c3866017b,analphabet.moi,available,25.99,25.99,medium,low,10,namesilo,,,
9fc5b6ab-17b6-4b07-8bb7-c1fb6f3a3c2a,cocotte.moi,available,39.99,39.99,medium,low,7,name.com,,,13/08/2026 14:14
3db62e76-c3ce-46bd-b54c-29090797363e,preference.moi,available,25.99,25.99,high,low,10,namesilo,,,29/09/2026 16:57
4240a24c-d73e-4cad-a44f-19f225c0979f,nihon.moi,available,25.99,25.99,high,low,5,namesilo,,,29/09/2026 13:34
fd347c27-b572-4cb7-bdbe-54433bb5169b,adamantine.moi,available,25.99,25.99,medium,low,10,namesilo,,,
678f39d4-6293-4ca5-a07d-a7bec736e426,isn.moi,available,25.99,25.99,high,low,3,namesilo,,,30/09/2026 02:01
2b5d588b-b699-4eeb-81ec-799f6d83cb97,wilkes.moi,available,25.99,25.99,medium,low,6,namesilo,,,27/09/2026 12:29
a30ca258-87a9-4b98-8ba2-bd5b5f7c987e,connie.moi,available,25.99,25.99,high,low,6,namesilo,,,25/09/2026 12:17
023c8efe-e885-4bd3-b731-557ab81fb095,rushed.moi,available,25.99,25.99,high,low,6,namesilo,,,27/09/2026 17:29
f8991cca-6cb5-4d38-99ad-34c7655b6fee,thorough.moi,available,25.99,25.99,high,low,8,namesilo,,,17/08/2026 17:10
ef2d1e03-efb1-4d2c-95dc-4b691ad0304f,chthonian.moi,available,25.99,25.99,medium,low,9,namesilo,,,12/08/2026 07:26
c10d1166-21e6-4e55-a44d-850745d7d635,lohan.moi,premium,242,242,medium,low,5,namesilo,,,20/09/2026 05:07
90c9b4e5-1a67-4a4b-ba6d-2686d665767e,windswept.moi,available,25.99,25.99,medium,low,9,namesilo,,,13/09/2026 12:16
6042e8db-5d3d-418b-adec-3c6c937e04fd,portent.moi,available,25.99,25.99,medium,low,7,namesilo,,,09/09/2026 02:55
64157923-3bbc-4a6d-8626-8342c500dd19,address.moi,available,21.11,21.11,high,low,7,porkbun,,,01/10/2026 16:50
ebc7031a-d28d-4fed-9bf3-31a61090bb9c,antidote.moi,available,25.99,25.99,high,low,8,namesilo,,,19/09/2026 14:20
fba9444d-e695-41d6-bac8-ee109364d1ef,assets.moi,available,25.99,25.99,high,low,6,namesilo,,,20/09/2026 16:21
0a896860-f417-4438-94ed-586650ecf3a0,brawny.moi,available,25.99,25.99,high,low,6,namesilo,,,11/08/2026 02:47
6cdda94d-3356-47c8-ac06-0d3c5318819f,arthropoda.moi,available,25.99,25.99,high,low,10,namesilo,,,20/09/2026 10:41
10f3d389-4e00-42ea-a0a5-12daacf0227e,crease.moi,available,25.99,25.99,high,low,6,namesilo,,,13/08/2026 07:14
5e1a0e4b-adc4-4687-9643-39771dc316f4,weedless.moi,available,25.99,25.99,medium,low,8,namesilo,,,13/09/2026 10:00
fbc5ad17-a239-4e85-b89d-93e4f16d6fe7,truthful.moi,available,,,high,low,8,,,,11/09/2026 20:51
84b046c4-6efb-49c1-9fae-0c49f67395f5,time.moi,premium,200.5,242,high,medium,4,unstoppable,,,01/10/2026 20:18
720f4474-c1fe-4cef-875b-291bf509d372,adar.moi,available,25.99,25.99,medium,low,4,namesilo,,,17/09/2026 06:32
37b01b35-c310-47c7-9e2b-3d95b54b86ef,unleaded.moi,available,39.99,39.99,high,low,8,name.com,,,22/08/2026 21:46
c0500676-b35a-4fff-a97c-2eef2d586509,annapurna.moi,available,25.99,25.99,medium,low,9,namesilo,,,19/09/2026 02:23
449f747e-6d6f-4ff3-b872-1b0be88152db,caen.moi,premium,640,640,medium,low,4,namesilo,,,29/09/2026 09:32
3e4d3461-47b2-4f25-9df9-c5a8af9db312,malik.moi,premium,200.5,,high,low,5,unstoppable,,,29/09/2026 13:22
3add4557-7669-45ae-8e40-7ace8c1fb39e,oak.moi,available,25.99,25.99,high,low,3,namesilo,,,30/09/2026 05:55
dcf449d5-b343-46c8-b523-5c010c33884f,aspiration.moi,available,25.99,25.99,high,low,10,namesilo,,,18/09/2026 16:53
86dbdb31-2da2-4384-8c2e-ca2428f10ac1,constantine.moi,available,25.99,25.99,high,low,11,namesilo,,,25/09/2026 14:18
122c1991-a908-40a4-ab68-2e77f02198b7,edson.moi,available,25.99,25.99,high,low,5,namesilo,,,30/09/2026 05:36
cc2eac8c-89db-4c36-b88e-b62085dae5ce,freshmen.moi,available,27,,medium,low,8,unstoppable,,,29/09/2026 23:31
082e7913-7e38-4fa5-b7d2-c8513a40af11,leaving.moi,available,25.99,25.99,high,low,7,namesilo,,,24/09/2026 22:37
80a195e5-7cf6-4cc3-8151-11fbee852ad1,sprightly.moi,available,25.99,25.99,medium,low,9,namesilo,,,10/09/2026 16:49
83539cdd-4bbc-4e5f-9381-fe45bf497593,sparta.moi,available,25.99,25.99,high,low,6,namesilo,,,29/09/2026 08:05
e4ee581d-d6e8-421c-b579-5fa2ce6b918f,amo.moi,available,25.99,25.99,high,low,3,namesilo,,,01/10/2026 23:39
ecf42a3f-ee3b-4408-ab66-9c7fb49d5216,falmouth.moi,available,25.99,25.99,medium,low,8,namesilo,,,28/09/2026 07:50
b3e7680b-8bb8-4ec0-8149-17a354ec825c,northampton.moi,available,25.99,25.99,medium,low,11,namesilo,,,25/09/2026 14:57
1c7f8f04-c026-49ef-b633-4964e87028d8,uppermost.moi,available,,,medium,low,9,,,,11/09/2026 17:48
0073b176-6beb-49c5-bd56-8aef44c38d03,conan.moi,available,25.99,25.99,medium,low,5,namesilo,,,28/09/2026 07:59
66fb13c8-7c5a-4ddb-a985-5cea8fce8730,improv.moi,available,25.99,25.99,high,low,6,namesilo,,,30/09/2026 23:39
467d74d9-d31c-4cd0-ad1d-543ee8fee7c0,misconduct.moi,available,25.99,25.99,medium,low,10,namesilo,,,17/09/2026 05:28
59295781-300e-47d4-9a4f-24fa1b80c879,then.moi,premium,89.25,89.25,high,low,4,namesilo,,,28/09/2026 02:27
eb4e38a2-67ef-463a-a27b-987280a09902,monet.moi,available,17.5,21.11,high,low,5,porkbun,,,29/09/2026 18:23
bbcb328f-d2a1-4cfc-bbcd-f7b1861582c2,hillside.moi,available,25.99,25.99,high,low,8,namesilo,,,29/09/2026 13:02
c3ea490b-d1cb-45eb-8964-d514f98ca440,pba.moi,available,25.99,25.99,high,low,3,namesilo,,,29/09/2026 14:26
46c5d198-e89a-44bb-ac82-2810b9ab1809,etc.moi,available,25.99,25.99,high,low,3,namesilo,,,
1a7749ae-2201-493c-a777-33f885684fca,oldenburg.moi,available,25.99,25.99,medium,low,9,namesilo,,,29/09/2026 06:22
72787ca7-d424-44cc-9735-72ae06529c14,hcl.moi,available,25.99,25.99,medium,low,3,namesilo,,,29/09/2026 17:21
ed0f17e7-db9d-462d-acfa-dbb34682f2e7,finishes.moi,available,27,,medium,low,8,unstoppable,,,28/09/2026 18:11
2dfa37d2-cc50-4898-a66c-a2586445428d,elan.moi,available,25.99,25.99,high,low,4,namesilo,,,20/09/2026 03:17
a8cde916-c636-44e4-ac6b-ded3e3295855,amnesic.moi,available,25.99,25.99,medium,low,7,namesilo,,,
21823673-bd2f-47c5-b1a5-457db7f7b91d,ethics.moi,available,25.99,25.99,high,low,6,namesilo,,,28/09/2026 05:38
8c33ae04-3998-4d80-8cb5-ae5a20840956,meteoric.moi,available,25.99,25.99,high,low,8,namesilo,,,24/08/2026 21:53
32fab2f6-b466-4955-aaad-096b80610736,harrell.moi,available,25.99,25.99,medium,low,7,namesilo,,,30/09/2026 13:41
3534a113-0c19-403e-b85e-b86b56ed1290,forlorn.moi,available,25.99,25.99,medium,low,7,namesilo,,,18/08/2026 12:02
806d9b63-aff8-4c13-901f-2384133a2176,acervulus.moi,available,25.99,25.99,medium,low,9,namesilo,,,16/09/2026 23:44
995198a4-559b-4702-8f20-699db9e83e39,tipsy.moi,available,25.99,25.99,high,low,5,namesilo,,,11/09/2026 15:38
827e1511-417f-4cea-be01-25ce00057fc2,malaria.moi,available,25.99,25.99,high,low,7,namesilo,,,30/09/2026 03:44
e46fa517-aee4-4f95-aa7d-2272dfda6aa0,stocking.moi,available,25.99,25.99,high,low,8,namesilo,,,29/09/2026 14:00
bf418339-8a31-48a4-8036-bab584325b01,philatelic.moi,available,,,medium,low,10,,,,08/09/2026 18:49
7d4e8545-0b24-4576-a62d-15e0f8be5627,karlsruhe.moi,available,27,,medium,low,9,unstoppable,,,28/09/2026 12:19
4ab82dfc-c9bc-49b5-b71f-0d3c55297b18,sonant.moi,available,25.99,25.99,medium,low,6,namesilo,,,10/09/2026 14:08
1e10e0f8-2529-45a8-8c77-c6b7198b5ce4,crows.moi,available,25.99,25.99,high,low,5,namesilo,,,20/09/2026 17:41
85878f8c-1bf6-4ae0-af47-77f9061c0c87,warranty.moi,available,25.99,25.99,high,low,8,namesilo,,,29/09/2026 21:39
daa51b0d-62ec-4b7d-8b5b-ce09d7cccf27,baptists.moi,available,25.99,25.99,high,low,8,namesilo,,,22/09/2026 03:33
e75c64d8-3ce5-4925-a83e-1f7ce754d591,stilt.moi,available,25.99,25.99,medium,low,5,namesilo,,,21/09/2026 04:51
080a792f-8701-4200-bfea-5af4ee5e27e4,betoken.moi,available,25.99,25.99,high,low,7,namesilo,,,21/09/2026 03:31
d1db38c0-2adc-45de-ac11-562987c269a3,complement.moi,available,27,25.99,high,low,10,unstoppable,,,29/09/2026 10:29
43464577-58e7-4b1e-80a6-539065a5d5e7,disgraced.moi,available,25.99,25.99,medium,low,9,namesilo,,,14/08/2026 10:21
8d99c9aa-f405-4869-8ad5-d690a1408fe1,accented.moi,available,25.99,25.99,medium,low,8,namesilo,,,
0cc005a5-7625-4565-b905-74b0c38c319a,malamute.moi,available,25.99,25.99,medium,low,8,namesilo,,,18/09/2026 02:06
ee754cd6-6819-4c75-99c7-58f2d378b54a,mandela.moi,available,25.99,25.99,high,low,7,namesilo,,,28/09/2026 14:49
3174e6e5-0e4a-4c2f-a5c6-5db29fe7af9e,defended.moi,available,25.99,25.99,low,low,8,namesilo,,,29/09/2026 05:23
582ef0a8-e2fd-48ed-9cc1-6f487da75372,melancholy.moi,available,25.99,25.99,high,low,10,namesilo,,,25/09/2026 19:05
7488861d-33c3-41d7-a2ac-2bcad096fbfc,sticks.moi,available,25.99,25.99,high,low,6,namesilo,,,17/09/2026 01:53
2f8ced35-1b90-41de-b385-0f79c4052d35,bison.moi,available,25.99,25.99,high,low,5,namesilo,,,23/09/2026 22:04
4f72dbfe-24cd-4884-9048-9a4b7af0e2d7,unkindly.moi,available,25.99,25.99,medium,low,8,namesilo,,,12/09/2026 14:15
cb0ca9b9-5e44-49b0-9521-d9a11addfc03,spate.moi,available,25.99,25.99,medium,low,5,namesilo,,,25/08/2026 00:44
09b59fda-0f76-4ab0-a4ca-e085f0eec27d,reasoned.moi,available,25.99,25.99,high,low,8,namesilo,,,09/09/2026 11:08
9836d87e-79cb-4113-98fe-8dff7c73044f,absently.moi,available,25.99,25.99,medium,low,8,namesilo,,,13/09/2026 16:41
09380c64-b955-4c80-ba95-b4fffcb53986,dazzled.moi,available,39.99,39.99,medium,low,7,name.com,,,13/08/2026 18:57
a12257bf-68d4-449f-8d36-f79527ba2dbe,insolent.moi,available,25.99,25.99,high,low,8,namesilo,,,11/08/2026 02:56
53f098e5-9f97-497a-9faf-41dd2010c69b,resisting.moi,available,27,,medium,low,9,unstoppable,,,28/09/2026 21:16
fb9e833e-d1e6-46df-a3e6-e8d7b5a3d73a,mondays.moi,available,25.99,25.99,medium,low,7,namesilo,,,02/10/2026 01:17
19370cba-1207-4064-b0a8-00c257d4b354,wai.moi,available,25.99,25.99,high,low,3,namesilo,,,29/09/2026 02:52
94f017fe-7dd0-4ff3-86bf-c59692958fa6,desire.moi,available,25.99,25.99,high,low,6,namesilo,,,19/09/2026 18:10
1af53ece-b4f5-4f90-aaa5-b92553e7eb05,bethlehem.moi,available,,,high,low,9,,,,22/09/2026 18:15
3b2791bf-96d5-479d-b1ca-979d9710ea9b,revealed.moi,available,25.99,25.99,high,low,8,namesilo,,,27/09/2026 22:35
e6189b99-b748-42f2-bef7-03f61858ff35,hilbert.moi,available,25.99,25.99,high,low,7,namesilo,,,28/09/2026 05:30
d023bd42-c5b8-4ade-97a7-52632a42e074,alcahest.moi,available,25.99,25.99,medium,low,8,namesilo,,,18/09/2026 03:43
104667a1-16ca-45b3-b25b-7fb28dff8ef0,pantry.moi,available,25.99,25.99,high,low,6,namesilo,,,11/08/2026 11:54
c172c347-986b-4a3a-89f8-413d553d7ca4,thick.moi,available,25.99,25.99,high,low,5,namesilo,,,22/09/2026 22:11
c842657b-4b75-4700-8002-13f25105b106,groin.moi,available,27,,medium,low,5,unstoppable,,,29/09/2026 18:05
31e38fc3-08fe-4341-b044-17576e44b97d,catfish.moi,available,17.5,21.11,high,low,7,porkbun,,,29/09/2026 00:23
74cb06db-7048-46b4-86d8-60de1fbd1aea,sponsored.moi,available,27,,medium,low,9,unstoppable,,,29/09/2026 10:41
7515610c-1d1f-4279-ae65-b4faeebb11a5,chinatown.moi,available,25.99,25.99,high,low,9,namesilo,,,28/09/2026 15:39
45e2c3de-0e37-41c3-80f3-07541297006c,inflict.moi,available,25.99,25.99,high,low,7,namesilo,,,30/09/2026 03:14
5e59c87f-581e-454d-ad0a-22ab23e9a9c9,assailant.moi,available,25.99,25.99,medium,low,9,namesilo,,,17/09/2026 17:42
9970b284-1de4-47af-aaf3-382c46ab11d1,maharashtra.moi,available,25.99,25.99,medium,low,11,namesilo,,,29/09/2026 03:41
fb9e8852-a6eb-49fc-ab49-197b442a61f3,advil.moi,available,25.99,25.99,medium,low,5,namesilo,,,17/09/2026 11:20
fbc1c4eb-aa02-498b-808c-c7b517a4f2e9,anorexia.moi,available,25.99,25.99,medium,low,8,namesilo,,,19/09/2026 11:46
c2ec772c-0fa5-4562-9723-7097ed599a65,unhindered.moi,available,25.99,25.99,medium,low,10,namesilo,,,12/09/2026 11:55
320008e2-8019-48f4-9bc0-95462a7f756a,bivalent.moi,available,25.99,25.99,high,low,8,namesilo,,,10/08/2026 08:58
b7b5db84-3b2b-477d-9361-155b61bc1552,mandal.moi,available,27,,medium,low,6,unstoppable,,,30/09/2026 20:27
e8023b9f-4df5-4b89-bc0e-54eeeb1ed7cc,ferguson.moi,available,,,high,low,8,,,,25/09/2026 17:55
a119fac6-5926-400d-8a12-7deeb6909ad0,fishy.moi,available,25.99,25.99,high,low,5,namesilo,,,18/08/2026 05:32
5c8a499d-96b4-4094-ae53-673feaa33abe,imperative.moi,available,25.99,25.99,high,low,10,namesilo,,,08/09/2026 04:44
3ae42baa-26da-411c-97f0-f4df5755b844,emily.moi,premium,242,242,high,medium,5,namesilo,,,25/09/2026 14:07
3c365408-03f4-4a43-8e42-892f51ab9a77,copper.moi,available,25.99,25.99,high,low,6,namesilo,,,20/09/2026 22:44
04fa39a4-e7dd-47fc-a3a3-c52c89fc1145,sagacious.moi,available,,,high,low,9,,,,08/09/2026 18:02
54add2d8-b3f3-42d8-8efe-3fb4f1ec5411,bedpan.moi,available,25.99,25.99,medium,low,6,namesilo,,,22/09/2026 23:28
ee0426f7-719b-41e2-9eb2-c0257a61e186,rhenium.moi,available,25.99,25.99,medium,low,7,namesilo,,,20/09/2026 23:48
bccf7392-1851-49a7-afef-002977169223,expulsion.moi,available,25.99,25.99,medium,low,9,namesilo,,,30/09/2026 01:29
882972e6-4830-4975-bf7a-01f5ddae2f05,middle.moi,available,25.99,25.99,high,low,6,namesilo,,,23/09/2026 13:24
8ae7971c-98fc-415a-a05f-65a8139d34fe,staged.moi,available,,,high,low,6,,,,10/09/2026 18:02
c408f754-8411-4046-9f8b-c84616dd182d,metre.moi,available,25.99,25.99,high,low,5,namesilo,,,25/09/2026 15:57
3c07bf18-0e4b-4a01-a8c5-6ac981d007ee,inboard.moi,available,25.99,25.99,medium,low,7,namesilo,,,22/08/2026 00:39
e4cbe37d-88f3-429b-a968-04f714deef88,anole.moi,available,,,medium,low,5,,,,18/09/2026 19:28
2f1d9e48-6c52-48ac-92ee-db0a6d4d382f,maria.moi,premium,242,242,high,low,5,namesilo,,,24/09/2026 11:49
174361eb-d04c-4117-b366-162e8b4d817c,likes.moi,available,25.99,25.99,high,low,5,namesilo,,,
ce934eb4-7cf7-471d-bcba-e53858223c7a,spaceman.moi,available,,,high,low,8,,,,20/09/2026 17:58
ce1cff25-423b-48e8-85c3-c4e4ea31db61,regard.moi,available,25.99,25.99,high,low,6,namesilo,,,08/09/2026 11:00
88113020-04ad-4706-b164-4364e6c6817f,poisson.moi,available,25.99,25.99,medium,low,7,namesilo,,,28/09/2026 11:23
447d016e-f4a6-466d-87da-533a0500f746,cannot.moi,available,25.99,25.99,high,low,6,namesilo,,,01/10/2026 01:49
fba5c4ba-0274-4867-89e4-dc71b6d533df,cooks.moi,available,25.99,25.99,medium,low,5,namesilo,,,29/09/2026 04:38
6626683a-9741-4a04-bb21-3fb6ae460cae,cumulate.moi,available,25.99,25.99,high,low,8,namesilo,,,12/08/2026 21:52
88bc907c-ed2a-4696-892c-66b9def123cd,endergonic.moi,available,25.99,25.99,medium,low,10,namesilo,,,17/08/2026 00:55
8904d50b-6e0e-4478-a6a5-6cc7563f9150,sublimate.moi,available,25.99,25.99,medium,low,9,namesilo,,,11/09/2026 00:01
fd6aa2b3-7273-42db-90ff-1166be5580f2,runty.moi,available,,,high,medium,5,,,,08/09/2026 19:54
07849e62-1310-4dbb-bb78-0e34d78fa829,shabby.moi,available,25.99,25.99,medium,low,6,namesilo,,,25/08/2026 06:58
13f0ec4f-f405-452c-a230-98a81826acfb,insisted.moi,available,25.99,25.99,medium,low,8,namesilo,,,27/09/2026 23:35
22e1af28-1f18-4c37-a5ed-ca367112cc40,bearskin.moi,available,39.99,39.99,high,low,8,name.com,,,22/09/2026 21:25
4005b1c5-9071-4b42-a4ca-4a5e4d46de0c,recording.moi,available,25.99,25.99,high,low,9,namesilo,,,30/09/2026 09:21
dc917e9b-408c-488f-9c50-300e282497e8,autocue.moi,available,25.99,25.99,medium,low,7,namesilo,,,21/09/2026 06:14
52ae5a6c-02fb-4193-a6ae-7e13e1faf554,emotionally.moi,available,17.5,21.11,high,low,11,porkbun,,,27/09/2026 17:53
e81732a1-0cc8-4dc0-824c-ba77733d59ca,rockwell.moi,available,25.99,25.99,high,low,8,namesilo,,,27/09/2026 04:54
9351a584-18d6-4f95-8876-8cfd3e1350ae,truffle.moi,available,25.99,25.99,high,low,7,namesilo,,,29/09/2026 08:50
8b4eadbe-a69d-461e-a1be-718e705ed623,artois.moi,available,25.99,25.99,medium,low,6,namesilo,,,20/09/2026 12:02
f4abaf3e-a14b-491d-863f-23244a1febbd,cassel.moi,available,27,,high,low,6,unstoppable,,,30/09/2026 13:49
6d2b6b55-49c0-42db-bc7f-0abb63dbea13,beholding.moi,available,25.99,25.99,medium,low,9,namesilo,,,10/09/2026 01:47
a2e6a0e4-c203-4614-8c6a-bd9968f43856,verbalize.moi,available,25.99,25.99,high,low,9,namesilo,,,13/09/2026 00:14
8243f181-ad6f-43e1-b7e2-eb1bc572e47f,jock.moi,available,25.99,25.99,high,low,4,namesilo,,,28/09/2026 22:58
45a2a7f0-4fea-441e-9c8f-527c15daffa3,mogadishu.moi,available,25.99,25.99,medium,low,9,namesilo,,,24/09/2026 12:23
92e9a76f-7370-4c17-8b7a-d10af5f30e35,carver.moi,available,25.99,25.99,high,low,6,namesilo,,,29/09/2026 11:53
47783736-89d5-480b-8be8-f31f727eee53,mud.moi,available,25.99,25.99,high,low,3,namesilo,,,25/09/2026 09:31
571fe645-3528-4e82-a0e5-d4faf56f1a6a,sizable.moi,available,25.99,25.99,high,low,7,namesilo,,,20/08/2026 16:38
3d9dc5c8-108f-467f-97e4-7243be5ea473,rockefeller.moi,available,25.99,25.99,high,low,11,namesilo,,,25/09/2026 12:15
c2776fe5-5080-475a-aba1-dd54b4958235,hoarfrost.moi,available,25.99,25.99,medium,low,9,namesilo,,,21/08/2026 10:07
fdb95b9c-5512-4236-88bc-561fd26f901e,benefit.moi,available,25.99,25.99,high,low,7,namesilo,,,23/09/2026 07:55
694bb88e-4dde-47e0-8eb5-9155a4d0a181,remiss.moi,available,25.99,25.99,medium,low,6,namesilo,,,09/09/2026 13:46
1b404e24-8495-4d1c-be52-49a03f5f494e,arda.moi,available,25.99,25.99,high,low,4,namesilo,,,17/09/2026 10:27
36c18b84-288f-4dcc-a980-8a30d56e2d50,rather.moi,available,25.99,25.99,medium,low,6,namesilo,,,28/09/2026 15:59
1d6369d6-9cf0-44f6-8104-5e3eb921ab9d,pyogenic.moi,available,25.99,25.99,high,medium,8,namesilo,,,09/09/2026 06:54
37fac07a-0125-461d-8458-976bfeb68c66,realist.moi,available,25.99,25.99,high,low,7,namesilo,,,30/09/2026 02:40
43d06cc6-0a62-4a31-9051-97d7ff35c079,oklahoman.moi,available,39.99,39.99,medium,low,9,name.com,,,16/09/2026 05:05
b60133f5-d268-4d22-96a3-c81646e1ccfa,aculeus.moi,available,25.99,25.99,medium,low,7,namesilo,,,17/09/2026 05:33
676dad4b-1717-4230-bc88-ba878d9ebbcc,orr.moi,available,25.99,25.99,high,low,3,namesilo,,,27/09/2026 03:21
1cbdb6a5-7230-4e07-bb43-b14adc0b50c9,democrats.moi,available,25.99,25.99,medium,low,9,namesilo,,,30/09/2026 00:47
fdf70f55-6180-4136-8576-0a5ce9a6704d,rigid.moi,available,25.99,25.99,high,low,5,namesilo,,,27/09/2026 15:17
d34279e3-23e3-4ccb-a7d1-1d9d4dcfe05c,streetwise.moi,available,25.99,25.99,high,low,10,namesilo,,,10/09/2026 22:26
013d162b-7f4a-49cd-ae66-5f38cf29187e,houghton.moi,available,25.99,25.99,medium,low,8,namesilo,,,25/09/2026 23:07
39abf21d-48d7-4df6-b86e-5f77d3162ebe,allotrope.moi,available,25.99,25.99,medium,low,9,namesilo,,,18/09/2026 12:06
00877c15-04e4-49db-b39c-2943d6afb0dd,unsent.moi,available,,,medium,low,6,,,,12/09/2026 19:18
30727349-5bd1-4fd8-aa6a-d7b706bb8304,generative.moi,available,39.99,39.99,high,low,10,name.com,,,18/08/2026 21:24
7cce1ad0-85bc-46a9-9534-3df0218ed103,nis.moi,available,27,,high,low,3,unstoppable,,,29/09/2026 14:58
4798322a-1806-4e96-b58d-382cba7573f1,lever.moi,premium,116,116,high,low,5,namesilo,,,28/09/2026 14:32
0d284895-34cd-425f-a714-0ada67518d28,aluminate.moi,available,25.99,25.99,medium,low,9,namesilo,,,18/09/2026 15:13
daf00dc6-e2f6-4960-8b19-0b581ca43ffc,petersburg.moi,available,17.5,21.11,medium,low,10,porkbun,,,29/09/2026 07:52
2563f14e-1f77-491a-910b-19177e4978b6,becalm.moi,available,25.99,25.99,medium,low,6,namesilo,,,10/09/2026 19:38
23a07fa7-40d7-43ef-88fe-643bc760a4f7,roommates.moi,available,25.99,25.99,medium,low,9,namesilo,,,21/09/2026 02:59
189352ff-2b0d-4121-9bfd-f62c0c0ad5b4,scored.moi,available,25.99,25.99,medium,low,6,namesilo,,,27/09/2026 23:20
7e3a0cc7-a42c-46b8-96db-a85e80898008,affined.moi,available,25.99,25.99,medium,low,7,namesilo,,,
907c1851-daa6-46c9-b41e-986fc5eff35d,lad.moi,available,25.99,25.99,high,low,3,namesilo,,,28/09/2026 00:53
1613ad78-eac5-4c91-81a9-83f93a386cef,soggy.moi,available,25.99,25.99,high,low,5,namesilo,,,10/08/2026 17:14
73847796-78c6-412a-b65e-40a8d177cd5b,goggles.moi,available,25.99,25.99,high,low,7,namesilo,,,30/09/2026 17:29
9f1fc767-9ed7-4bdf-b072-103cc512723f,curvy.moi,available,39.99,39.99,high,low,5,name.com,,,10/08/2026 20:32
e885a1db-3f00-4c36-b2a8-2dee9cd9a6d6,elliot.moi,premium,242,242,high,low,6,namesilo,,,25/09/2026 21:48
cfaa6604-1673-4a00-91cd-d12e00941f34,proclaiming.moi,available,25.99,25.99,high,low,11,namesilo,,,01/10/2026 23:56
7f793e65-f84a-4a6b-98aa-27f91c54b9a9,pupal.moi,available,25.99,25.99,high,medium,5,namesilo,,,09/09/2026 06:07
03efcebb-6991-438f-8180-85981ac7d1ce,volcanic.moi,available,25.99,25.99,high,low,8,namesilo,,,13/09/2026 06:48
41682806-97b3-482f-bd48-8db1bfb31391,acrostic.moi,available,25.99,25.99,medium,low,8,namesilo,,,17/09/2026 03:59
8451f3ba-72ee-4a90-85d4-2f7e2285aa81,celibate.moi,available,25.99,25.99,high,low,8,namesilo,,,11/08/2026 23:25
3de378c1-367c-4572-bde3-7cfc70943667,barbara.moi,premium,242,242,high,low,7,namesilo,,,25/09/2026 11:55
24e86722-ec17-4494-a7d7-68e8f1aefaa5,ariana.moi,available,25.99,25.99,high,low,6,namesilo,,,20/09/2026 05:10
f5495616-4d2d-4e0d-9b8c-c4b48e6305ef,broadwise.moi,available,25.99,25.99,medium,low,9,namesilo,,,14/09/2026 01:26
f80b4e3f-2a3c-4849-838a-2ab2bd54929c,tagged.moi,available,25.99,25.99,high,low,6,namesilo,,,22/08/2026 17:17
cf0f28c8-904d-4f2b-8381-15e8a118d886,brat.moi,available,25.99,25.99,high,low,4,namesilo,,,30/09/2026 08:49
d93b98b4-ba39-441a-9d84-da4f9ef5e699,mannered.moi,available,25.99,25.99,medium,low,8,namesilo,,,24/08/2026 15:18
1480a6ca-2922-4438-ac5f-2dea78bebf3d,patience.moi,available,25.99,25.99,high,low,8,namesilo,,,25/09/2026 06:07
b1203590-dd58-4ae7-9250-0ab5d5950938,abject.moi,available,25.99,25.99,medium,low,6,namesilo,,,
e5901071-9a7d-40b3-90ac-e07ec2272744,addison.moi,available,25.99,25.99,medium,low,7,namesilo,,,29/09/2026 23:23
b2882b65-670b-4126-a024-8f998c3bcb45,dana.moi,available,25.99,25.99,high,low,4,namesilo,,,25/09/2026 22:21
02d05f0a-482f-4a79-8c3a-e313f78a389d,aqualung.moi,available,25.99,25.99,medium,low,8,namesilo,,,19/09/2026 22:54
447c42b9-3c86-401d-8267-35eed4e412c3,duplicate.moi,available,25.99,25.99,high,low,9,namesilo,,,24/09/2026 11:48
0b446ade-97e2-45f8-8b69-1e263b4abdfd,stranded.moi,available,25.99,25.99,high,low,8,namesilo,,,25/09/2026 17:00
00c1715d-8ee6-4f4e-b3c3-a46b901c86fe,tombs.moi,available,25.99,25.99,medium,low,5,namesilo,,,30/09/2026 05:23
ddff4dcf-9856-4a6d-b4e9-9e7118b82e8f,nosy.moi,available,25.99,25.99,medium,low,4,namesilo,,,03/09/2026 21:48
8be9fd24-3fb7-4b42-9ee9-c137b977e2cf,navarino.moi,available,25.99,25.99,medium,low,8,namesilo,,,22/09/2026 15:32
b091cea4-bc6e-48b4-8c74-630fd901ded3,gandhi.moi,available,25.99,25.99,high,low,6,namesilo,,,29/09/2026 20:38
6387474a-46eb-4546-9602-50ddd32dce36,athens.moi,available,25.99,25.99,high,low,6,namesilo,,,20/09/2026 20:44
0c55ec4e-71ef-4c30-9b4b-1e147f50cf48,matured.moi,available,39.99,39.99,high,low,7,name.com,,,18/08/2026 17:58
03bf78b1-ab1a-4573-b81d-61c41dfa51ee,soiled.moi,available,25.99,25.99,medium,low,6,namesilo,,,14/08/2026 09:10
592a5e3e-a3e7-4398-931e-74431da61661,septuple.moi,available,25.99,25.99,medium,low,8,namesilo,,,10/09/2026 04:23
432bfcce-403c-447f-ac87-ef15571291c1,sophia.moi,premium,200.5,,high,low,6,unstoppable,,,28/09/2026 07:06
f7b6eab3-2109-4a0f-8946-b77f87a6a71e,piffle.moi,available,,,medium,low,6,,,,21/09/2026 21:41
a6ef8c62-cb8d-47b3-b888-337c42d49b9f,indigestion.moi,available,27,,medium,low,11,unstoppable,,,02/10/2026 02:34
d5546efc-7559-4d10-a7f0-9187e6b74e84,luck.moi,available,25.99,25.99,high,low,4,namesilo,,,29/09/2026 09:20
b8d29255-4489-489b-bc34-e6988fbb5ea7,soft.moi,premium,75.5,89.25,high,low,4,unstoppable,,,01/10/2026 04:04
05f12104-7350-4ed4-9680-bfc2cca40ebb,uup.moi,available,25.99,25.99,medium,low,3,namesilo,,,20/09/2026 22:18
b9d0ef4c-e209-42dc-93e8-9770851fe02e,engels.moi,available,25.99,25.99,medium,low,6,namesilo,,,28/09/2026 14:01
7718fe5e-47f2-4188-b8cf-16003bfbaeeb,selina.moi,premium,200.5,,medium,low,6,unstoppable,,,01/10/2026 08:36
2b8e05af-1ecf-4e3f-95a6-08a8ddea05e9,solidarity.moi,available,27,,high,low,10,unstoppable,,,30/09/2026 02:56
cf48c190-4983-49c2-ba23-5a5ae5d56def,vial.moi,available,25.99,25.99,high,low,4,namesilo,,,18/09/2026 23:48
aabb6466-c5c0-48ed-a562-23da8d7cf48e,tighten.moi,available,25.99,25.99,high,low,7,namesilo,,,29/09/2026 14:16
d8a310ab-d65d-40d6-8b5b-e68609b381a3,evacuate.moi,available,27,25.99,high,low,8,unstoppable,,,30/09/2026 19:16
506ca50c-ce71-435d-9569-3b8e13aacc07,deviant.moi,available,25.99,25.99,high,low,7,namesilo,,,
2452b062-ef03-4b6e-9829-c58474ed97ad,untraveled.moi,available,25.99,25.99,medium,low,10,namesilo,,,12/09/2026 21:42
c3a6f9b3-bc81-4ff9-88a4-9c780ee0774e,shipments.moi,available,25.99,25.99,medium,low,9,namesilo,,,01/10/2026 00:42
1fb291cb-b52f-4b55-ba9e-3a1433238141,attracted.moi,available,25.99,25.99,medium,low,9,namesilo,,,26/09/2026 03:10
a5a63a73-e07f-4f35-807c-d0e0446c14ee,brighton.moi,available,25.99,25.99,high,low,8,namesilo,,,24/09/2026 10:19
d302fabd-501a-4ef0-972d-cb5bc4133fab,thu.moi,available,27,,medium,low,3,unstoppable,,,30/09/2026 19:35
57b516e4-2372-4935-84a3-c09be49ddee9,poems.moi,available,25.99,25.99,medium,low,5,namesilo,,,18/09/2026 16:34
0949b4b5-463c-475e-ba68-9ef15bcb89dd,biplane.moi,available,,,high,low,7,,,,23/09/2026 19:18
a84ffe8b-6bf5-4fb9-831f-15b70639e098,anise.moi,available,25.99,25.99,high,low,5,namesilo,,,19/09/2026 09:24
3e7fdc68-68fc-4fbc-b6a9-5a0ab74b4bb8,toxin.moi,available,25.99,25.99,high,low,5,namesilo,,,30/09/2026 03:03
bd4fb028-339a-487f-8c90-e6a6a1225f2d,alarmed.moi,available,25.99,25.99,medium,low,7,namesilo,,,
8d435694-88b0-426f-82e5-78dd00dc1ddf,belau.moi,available,39.99,39.99,medium,low,5,name.com,,,23/09/2026 04:30
cdf80abe-864a-4150-a752-3e720e44632a,amid.moi,available,27,,high,low,4,unstoppable,,,30/09/2026 11:35
ebba6cf4-cdad-49fe-88e3-db4643ad4eb8,observers.moi,available,25.99,25.99,medium,low,9,namesilo,,,30/09/2026 07:11
730ea936-e96e-4412-8ebc-bdab0656aef1,controls.moi,available,25.99,25.99,medium,low,8,namesilo,,,27/09/2026 23:26
057bab11-ffb2-4741-9cad-5e7fe6122e17,inhumane.moi,available,25.99,25.99,medium,low,8,namesilo,,,22/08/2026 05:17
ebb94bdf-f780-4bc8-8e74-c87d1f9bbba4,alertly.moi,available,25.99,25.99,medium,low,7,namesilo,,,13/09/2026 18:40
4a22c442-c236-4cbf-b3b5-3ed40dd96be6,phantasmal.moi,available,25.99,25.99,medium,low,10,namesilo,,,06/08/2026 05:33
797ef1e3-df32-42c6-8bc4-93b6054a81e3,sounded.moi,available,25.99,25.99,medium,low,7,namesilo,,,
1845e200-deca-459d-8024-b007f1a50d1b,encouraged.moi,available,25.99,25.99,high,low,10,namesilo,,,23/09/2026 10:08
ba9a82e7-7181-43cc-ae67-9bef4e5b17f4,hostages.moi,available,25.99,25.99,medium,low,8,namesilo,,,27/09/2026 11:30
f578e865-b3b2-4a00-b57d-3e89e552b2b0,plants.moi,available,25.99,25.99,high,low,6,namesilo,,,
7f5812b2-c149-41dd-80bc-3c934a2add48,bomber.moi,available,25.99,25.99,medium,low,6,namesilo,,,28/09/2026 09:10
0c9b6431-deb8-4193-ab08-7e2fbf00a516,competence.moi,available,25.99,25.99,high,low,10,namesilo,,,24/09/2026 16:46
97c115b4-3bbd-4397-9824-a6b175f517e5,suggestions.moi,available,25.99,25.99,medium,low,11,namesilo,,,17/09/2026 12:49
3a5512b5-6270-4ad0-abca-b61892505124,chary.moi,available,25.99,25.99,medium,low,5,namesilo,,,12/08/2026 02:59
e5dfe2ca-d9cc-425c-b221-b52e54d5ceaf,magenta.moi,available,25.99,25.99,high,low,7,namesilo,,,24/08/2026 12:57
2e7eb5ef-a83d-4ee3-8874-5ab483b7135b,installed.moi,available,27,,medium,low,9,unstoppable,,,28/09/2026 12:57
82da4642-06cc-4300-8cac-04c1b0c18a87,enid.moi,available,27,,medium,low,4,unstoppable,,,28/09/2026 19:04
0302dc36-4509-4190-9519-aa2b46c00d30,lesser.moi,available,25.99,25.99,medium,low,6,namesilo,,,23/08/2026 00:24
b9cc1d74-f456-49f3-989f-19c5d935f184,tref.moi,available,25.99,25.99,medium,low,4,namesilo,,,03/09/2026 19:37
ab46cbf8-e768-42ca-9231-b7c6d001a5b7,tod.moi,available,25.99,25.99,high,low,3,namesilo,,,11/09/2026 16:39
0a93ae4f-3f58-4297-8755-077487d2072d,urged.moi,available,25.99,25.99,medium,low,5,namesilo,,,19/09/2026 03:59
35375951-7cd2-4055-a5ff-82db79ee07b5,alir.moi,available,25.99,25.99,medium,low,4,namesilo,,,17/08/2026 22:11
16318890-9e2b-4725-b145-e1182004aa8c,lsa.moi,available,25.99,25.99,medium,low,3,namesilo,,,01/10/2026 18:39
7c927752-1f34-449d-9c15-0a6351bf215f,ritual.moi,available,,,high,low,6,,,,09/09/2026 18:01
e2c98522-1399-4cce-a284-6e123b8aee96,sirach.moi,available,25.99,25.99,medium,low,6,namesilo,,,23/09/2026 07:34
fc37b18b-5e9c-47e6-9431-a88122997653,radioactivity.moi,available,25.99,25.99,medium,low,13,namesilo,,,
f7865d0c-3e2a-429c-a231-3c2fc1215684,incapable.moi,available,25.99,25.99,medium,low,9,namesilo,,,22/08/2026 00:49
81e33fd1-4f06-49c4-abfe-df6f7cebd00d,clovers.moi,available,25.99,25.99,medium,low,7,namesilo,,,21/09/2026 06:52
a367c198-b0d9-4caa-9ed3-c1f4cc5ad074,dent.moi,available,25.99,25.99,high,low,4,namesilo,,,24/09/2026 21:54
916535e3-1cd3-475a-a848-5e1887fa11d2,impudent.moi,available,25.99,25.99,medium,low,8,namesilo,,,18/08/2026 08:23
9a8686b6-6029-43c8-8919-a5e76479d225,lack.moi,available,25.99,25.99,high,low,4,namesilo,,,27/09/2026 03:43
6901d750-e56b-4d77-a036-85b7c079287b,scrimmage.moi,available,25.99,25.99,high,low,9,namesilo,,,22/09/2026 16:24
24aabb91-e942-445e-92be-61d6cbd0ce16,sulu.moi,available,27,,high,low,4,unstoppable,,,30/09/2026 20:01
5095894a-260b-47ec-be8d-1b1f006dfa58,cutters.moi,available,27,,medium,low,7,unstoppable,,,01/10/2026 18:41
5e4717c1-4b18-4606-82e3-86361f8dcb91,wallachia.moi,available,25.99,25.99,medium,low,9,namesilo,,,01/10/2026 23:44
a299d65b-a321-4783-ba62-723e6990b7c5,wilberforce.moi,available,25.99,25.99,medium,low,11,namesilo,,,30/09/2026 05:04
45b7d9f7-0f4f-4f98-be47-70846c70ce65,exiguous.moi,available,25.99,25.99,medium,low,8,namesilo,,,17/08/2026 17:18
a3358962-ab07-4c6b-8f6e-927a90596254,gun.moi,available,25.99,25.99,high,low,3,namesilo,,,28/09/2026 17:19
579c1cb4-ac6d-420f-80a9-c565760dcb72,recipe.moi,available,17.5,21.11,high,low,6,porkbun,,,30/09/2026 09:18
36fece3a-7b2c-4259-97fd-aa11c62fa57e,projected.moi,available,25.99,25.99,high,low,9,namesilo,,,22/08/2026 14:46
102bbb97-4df9-4d31-bd0b-9a90c11923ab,danger.moi,available,25.99,25.99,high,low,6,namesilo,,,29/09/2026 13:11
fbd7d49f-f5c6-49b6-a48f-b112e56d80e2,abjuration.moi,available,25.99,25.99,medium,low,10,namesilo,,,16/09/2026 15:59
88c360a5-6421-4fd5-81c2-053e95ffc29b,baylor.moi,available,25.99,25.99,medium,low,6,namesilo,,,27/09/2026 01:57
1b1b0544-3976-4996-b860-ba5f37bb1fe1,schumacher.moi,available,17.5,21.11,high,low,10,porkbun,,,27/09/2026 19:51
da133ab7-c0a6-4f62-a725-803bad3b600b,lott.moi,available,25.99,25.99,medium,low,4,namesilo,,,29/09/2026 04:28
2d0f3376-2ee3-4bfe-927f-ab98895ccbb4,alva.moi,available,25.99,25.99,high,low,4,namesilo,,,29/09/2026 15:31
7c99b576-ae0e-4dc8-9d05-3ef6236e111a,legendary.moi,available,39.99,39.99,high,low,9,name.com,,,17/08/2026 20:13
ca6e3fec-e4e0-40d7-8d03-2b0dda0dee7a,forks.moi,available,25.99,25.99,medium,low,5,namesilo,,,29/09/2026 05:49
84f346f9-b2e4-49da-acf1-049fc0414e63,rudyard.moi,available,25.99,25.99,medium,low,7,namesilo,,,01/10/2026 10:43
c00b8d3c-7840-46d7-899a-63386a0f76b7,expansive.moi,available,39.99,39.99,high,low,9,name.com,,,17/08/2026 18:00
fa1ef767-bd6f-443e-9d94-441d22ce999b,andvari.moi,available,25.99,25.99,medium,low,7,namesilo,,,19/09/2026 05:02
eaed22f0-9b15-4f22-b35e-b04ac1e969c3,mouthwash.moi,available,39.99,,high,low,10,name.com,,,
c133df17-94be-4e5d-9fab-7dbe7e3fab60,venter.moi,available,25.99,25.99,medium,low,6,namesilo,,,16/09/2026 14:46
725e74f0-ce3c-4b37-a852-8e7ab47c9e4b,wandering.moi,available,25.99,25.99,high,low,9,namesilo,,,25/09/2026 21:06
f7dfdc8f-6a46-4f32-a5ec-d7914db1b55a,dogsit.moi,available,25.99,25.99,high,low,6,namesilo,,,
77c3104a-96ea-4b7e-84cb-e76178d5fae9,sealing.moi,available,17.5,21.11,high,low,7,porkbun,,,30/09/2026 18:36
91b326bc-8847-4c64-b5e8-428c8f041c64,talked.moi,available,25.99,25.99,high,low,6,namesilo,,,18/09/2026 13:42
d1a4eda5-d9f7-4592-a90c-d38713eae0f7,depressed.moi,available,25.99,25.99,medium,low,9,namesilo,,,14/08/2026 02:43
31e92bd6-2128-4f12-8346-36a87b85f629,bedframe.moi,available,25.99,25.99,medium,low,9,namesilo,,,22/09/2026 23:17
f0571bba-98db-4806-80c3-3fffe31acfed,characteristic.moi,available,39.99,,high,low,14,name.com,,,
c9613975-fbe0-490d-bcd0-88e368b621ca,blithe.moi,available,25.99,25.99,high,low,6,namesilo,,,10/08/2026 14:37
7fd0e644-dc5b-44bf-ba5d-e686b48cefe6,agitation.moi,available,,,medium,low,9,,,,17/09/2026 18:06
b7870ac9-5197-44ba-a1cc-2d7014ed7665,ashy.moi,available,25.99,25.99,medium,low,4,namesilo,,,07/08/2026 02:04